new_patientID,tissue_id,gene,base change,amino acid change,region,mutation abundance,function,chr,MapLoc,mutation type,Transcript,COSMIC ID,Ref,mut,Flank,caseDep,caseAltDep,Start,Stop,Protein
P001,170009576,EGFR,c.2252_2275delCATCTCCGAAAGCCAACAAGGAAA,p.T751_E758del,EX19,2.20%,cds-del,7,7p11.2,del,NM_005228.3,23634,AACATCTCCGAAAGCCAACAAGGA,.,AG.AA,356,8,55242479,55242503,NP_005219.2
P002,170009570,EGFR,c.2235_2249delGGAATTAAGAGAAGC,p.E746_A750del,EX19,10.10%,cds-del,7,7p11.2,del,NM_005228.3,6223,GGAATTAAGAGAAGC,.,CA.AA,618,71,55242464,55242479,NP_005219.2
P002,170009570,CTNNB1,c.94G>A,p.D32N,EX3,9.90%,missense,3,3p22.1,snv,NM_001904.3,5672,G,A,TG.AC,777,77,41266096,41266097,NP_001895.1
P002,170009570,MAP2K4,c.830C>G,p.P277R,EX8,8.30%,missense,17,17p12,snv,NM_003010.2,.,C,G,CC.AA,433,36,12028626,12028627,NP_003001.1
P002,170009570,CD274,c.577G>A,p.V193M,EX4,3.80%,missense,9,9p24.1,snv,NM_014143.3,.,G,A,AT.TG,720,27,5463015,5463016,NP_054862.1
P002,170009570,MTOR,c.6981G>A,p.M2327I,EX50,16.70%,missense,1,1p36.22,snv,NM_004958.3,1662881,C,T,GA.AT,484,81,11177095,11177096,NP_004949.1
P003,170014818,EGFR,c.2235_2249delGGAATTAAGAGAAGC,p.E746_A750del,EX19,14.20%,cds-del,7,7p11.2,del,NM_005228.3,6223,GGAATTAAGAGAAGC,.,CA.AA,358,51,55242464,55242479,NP_005219.2
P003,170014818,STAT1,c.1841T>C,p.F614S,EX21,5.90%,missense,2,2q32.2,snv,NM_007315.3,.,A,G,TG.AT,573,34,191843613,191843614,NP_009330.1
P003,170014818,PTEN,c.1031_1055delAGCTGTACTTCACAAAAACAGTAGA,p.K344Rfs*14,EX9,4.50%,frameshift,10,10q23.31,del,NM_000314.4,.,GAAGCTGTACTTCACAAAAACAGTA,.,GG.GA,264,12,89725045,89725070,NP_000305.3
P004,170017149,TP53,c.335_360delGCTTCTTGCATTCTGGGACAGCCAAG,p.G112Vfs*28,EX4,3.30%,frameshift,17,17p13.1,del,NM_000546.5,.,CTTGGCTGTCCCAGAATGCAAGAAGC,.,GA.CC,838,28,7579326,7579352,NP_000537.3
P004,170017149,EGFR,c.2236_2250delGAATTAAGAGAAGCA,p.E746_A750del,EX19,11.40%,cds-del,7,7p11.2,del,NM_005228.3,6225,GAATTAAGAGAAGCA,.,AG.AC,2193,251,55242465,55242480,NP_005219.2
P004,170017149,PDGFRA,c.809A>G,p.K270R,EX6,4.20%,missense,4,4q12,snv,NM_006206.4,.,A,G,CA.AT,1034,43,55133504,55133505,NP_006197.1
P004,170017149,EPHA3,c.2889G>T,p.K963N,EX17,2.40%,missense,3,3p11.1,snv,NM_005233.5,.,G,T,AA.AA,751,18,89528588,89528589,NP_005224.2
P005,170017141,ARID1A,c.714_738delTCCGGGCTCCGGCGCGGCGGCGGCT,p.G240Afs*115,EX1,9.00%,frameshift,1,1p36.11,del,NM_006015.4,.,TCCGGGCTCCGGCGCGGCGGCGGCT,.,AC.GC,1217,109,27023607,27023632,NP_006006.3
P005,170017141,KDR,c.2836C>T,p.R946C,EX21,30.40%,missense,4,4q12,snv,NM_002253.2,4484665,G,A,AC.GA,1173,357,55961103,55961104,NP_002244.1
P005,170017141,EGFR,c.2239_2248delinsC,p.L747_A750delinsP,EX19,19.80%,cds-del,7,7p11.2,snv,NM_005228.3,6219,GAATTAAGA,.,AA.CA,1701,336,55242465,55242474,NP_005219.2
P005,170017141,TP53,c.640C>G,p.H214D,EX6,44.00%,missense,17,17p13.1,snv,NM_000546.5,1637584,G,C,AT.TC,527,232,7578208,7578209,NP_000537.3
P005,170017141,AXL,c.1651A>T,p.M551L,EX14,45.80%,missense,19,19q13.2,snv,NM_021913.3,.,A,T,TG.TG,671,307,41754664,41754665,NP_068713.2
P005,170017141,ARAF,c.1544G>A,p.R515H,EX14,25.30%,missense,X,Xp11.23,snv,NM_001654.4,.,G,A,CC.TG,1239,313,47429415,47429416,NP_001645.1
P006,170018027,TOP2A,c.3184A>G,p.K1062E,EX24,13.90%,missense,17,17q21.2,snv,NM_001067.3,.,T,C,TT.GC,534,74,38556135,38556136,NP_001058.2
P006,170018027,EGFR,c.2236_2250delGAATTAAGAGAAGCA,p.E746_A750del,EX19,37.10%,cds-del,7,7p11.2,del,NM_005228.3,6225,GAATTAAGAGAAGCA,.,AG.AC,2929,1088,55242465,55242480,NP_005219.2
P007,180000666,BLM,c.53_56dupCCAG,p.R19Sfs*5,EX2,26.30%,frameshift,15,15q26.1,ins,NM_000057.2,.,.,CAGC,CT.CA,502,132,91290671,91290671,NP_000048.1
P007,180000666,EGFR,c.2573T>G,p.L858R,EX21,79.30%,missense,7,7p11.2,snv,NM_005228.3,6224,T,G,GC.GG,2177,1727,55259514,55259515,NP_005219.2
P007,180000666,TP53,c.398T>A,p.M133K,EX5,32.00%,missense,17,17p13.1,snv,NM_000546.5,11781,A,T,AC.TC,259,83,7578531,7578532,NP_000537.3
P008,180004531,EGFR,c.2240_2257delTAAGAGAAGCAACATCTC,p.L747_P753delinsS,EX19,3.20%,cds-indel,7,7p11.2,del,NM_005228.3,12370,TAAGAGAAGCAACATCTC,.,AT.CG,1319,42,55242469,55242487,NP_005219.2
P008,180004531,EGFR,c.2264C>A,p.A755D,EX19,6.80%,missense,7,7p11.2,snv,NM_005228.3,.,C,A,AG.CA,1269,86,55242493,55242494,NP_005219.2
P008,180004531,AR,c.465G>T,p.E155D,EX1,5.60%,missense,X,Xq12,snv,NM_000044.3,.,G,T,GA.GA,1248,70,66765452,66765453,NP_000035.2
P008,180004531,IRF2,c.46A>T,p.I16L,EX2,4.00%,missense,4,4q35.1,snv,NM_002199.3,.,T,A,TA.CT,501,20,185350172,185350173,NP_002190.2
P009,180004533,EGFR,c.2235_2249delGGAATTAAGAGAAGC,p.E746_A750del,EX19,17.70%,cds-del,7,7p11.2,del,NM_005228.3,6223,GGAATTAAGAGAAGC,.,AA.AA,1846,327,55242464,55242479,NP_005219.2
P009,180004533,TP53,c.155_164delAATGGTTCAC,p.Q52Lfs*68,EX4,30.10%,frameshift,17,17p13.1,del,NM_000546.5,.,GTGAACCATT,.,CA.GT,684,206,7579522,7579532,NP_000537.3
P009,180004533,SMAD4,c.1081C>T,p.R361C,EX9,29.90%,missense,18,18q21.2,snv,NM_005359.5,14140,C,T,AT.GC,522,156,48591917,48591918,NP_005350.1
P009,180004533,BRD4,c.3736G>A,p.E1246K,EX18,23.90%,missense,19,19p13.12,snv,NM_058243.2,6017334,C,T,CT.GG,1120,268,15349915,15349916,NP_490597.1
P009,180004533,POLD1,c.592A>G,p.M198V,EX6,23.30%,missense,19,19q13.33,snv,NM_002691.3,.,A,G,GC.TG,936,218,50905463,50905464,NP_002682.2
P009,180004533,ATRX,c.6529G>A,p.D2177N,EX30,10.10%,missense,X,Xq21.1,snv,NM_000489.3,.,C,T,AT.AT,930,94,76813091,76813092,NP_000480.2
P009,180004533,NSD1,c.6816T[2>1],p.C2273Vfs*21,EX23,37.10%,frameshift,5,5q35.3,del,NM_022455.4,.,T,.,AC.TG,1097,407,176721184,176721185,NP_071900.2
P010,170014848,TP53,c.782+1G>C,.,IVS7,28.00%,splice-5,17,17p13.1,snv,NM_000546.5,329756,C,G,GA.CT,590,165,7577497,7577498,NP_000537.3
P010,170014848,EGFR,c.2573T>G,p.L858R,EX21,19.70%,missense,7,7p11.2,snv,NM_005228.3,6224,T,G,GC.GG,781,154,55259514,55259515,NP_005219.2
P010,170014848,FLT1,c.2033C>G,p.T678S,EX14,12.40%,missense,13,13q12.3,snv,NM_002019.4,.,G,C,TG.TG,598,74,28959104,28959105,NP_002010.2
P010,170014848,CREBBP,c.6974C>T,p.P2325L,EX31,9.30%,missense,16,16p13.3,snv,NM_004380.2,.,G,A,GT.GC,1268,118,3778073,3778074,NP_004371.2
P010,170014848,IDH1,c.394C>A,p.R132S,EX4,1.50%,missense,2,2q34,snv,NM_005896.2,28748,G,T,AC.AC,758,11,209113112,209113113,NP_005887.2
P011,180009038,ROS1,c.2425G>A,p.V809M,EX16,9.50%,missense,6,6q22.1,snv,NM_002944.2,.,C,T,CA.TG,306,29,117704550,117704551,NP_002935.2
P011,180009038,EGFR,c.2235_2249delGGAATTAAGAGAAGC,p.E746_A750del,EX19,15.60%,cds-del,7,7p11.2,del,NM_005228.3,6223,GGAATTAAGAGAAGC,.,AA.AA,846,132,55242464,55242479,NP_005219.2
P011,180009038,BRD4,c.1271T>C,p.L424S,EX7,25.70%,missense,19,19p13.12,snv,NM_058243.2,.,A,G,TC.AT,413,106,15374300,15374301,NP_490597.1
P012,170017381,FCGR2A,c.850G>C,p.D284H,EX7E,7.70%,missense,1,1q23.3,snv,NM_021642.3,.,G,C,CT.AC,183,14,161487836,161487837,NP_067674.2
P012,170017381,CASP8,c.1443C>G,p.I481M,EX8,7.50%,missense,2,2q33.1,snv,NM_001080125.1,.,C,G,AT.CA,1142,86,202150001,202150002,NP_001073594.1
P012,170017381,ABCC1,c.2066C>G,p.S689*,EX16,4.20%,nonsense,16,16p13.11,snv,NM_004996.3,.,C,G,CT.AG,1086,46,16173285,16173286,NP_004987.2
P012,170017381,MAP3K13,c.446A>T,p.Y149F,EX2,7.90%,missense,3,3q27.2,snv,NM_004721.4,.,A,T,AT.TT,417,33,185146814,185146815,NP_004712.1
P012,170017381,TP53,c.702C>A,p.Y234*,EX7,7.20%,nonsense,17,17p13.1,snv,NM_000546.5,1600318,G,T,TT.TA,1297,93,7577578,7577579,NP_000537.3
P012,170017381,TERT,c.-58-u14C>T,.,.,6.20%,promoter,5,5p15.33,snv,NM_198253.2,.,G,A,GC.AG,1684,105,1295175,1295176,NP_937983.2
P012,170017381,ROS1,c.5824C>T,p.R1942W,EX36,7.00%,missense,6,6q22.1,snv,NM_002944.2,.,G,A,CC.AG,800,56,117641146,117641147,NP_002935.2
P012,170017381,MAPK1,c.383A>G,p.Y128C,EX3,8.80%,missense,22,22q11.21,snv,NM_002745.4,.,T,C,AA.AG,593,52,22160247,22160248,NP_002736.3
P012,170017381,ESR1,c.223C>G,p.Q75E,EX2,3.90%,missense,6,6q25.1,snv,NM_001122740.1,.,C,G,GT.AG,2471,97,152129269,152129270,NP_001116212.1
P012,170017381,PLXNB2,c.4291C>T,p.Q1431*,EX27,7.50%,nonsense,22,22q13.33,snv,NM_012401.3,.,G,A,CT.AT,1178,88,50718156,50718157,NP_036533.2
P012,170017381,EGFR,c.2236_2250delGAATTAAGAGAAGCA,p.E746_A750del,EX19,7.00%,cds-del,7,7p11.2,del,NM_005228.3,6225,GAATTAAGAGAAGCA,.,AG.AC,1953,137,55242465,55242480,NP_005219.2
P012,170017381,IRF6,c.203A>G,p.Q68R,EX4,4.70%,missense,1,1q32.2,snv,NM_006147.3,.,T,C,CC.GG,683,32,209969868,209969869,NP_006138.1
P012,170017381,PTEN,c.477G>C,p.R159S,EX5,7.30%,missense,10,10q23.31,snv,NM_000314.4,.,G,C,AG.AC,262,19,89692992,89692993,NP_000305.3
P013,180013751,ELF3,c.803A>G,p.H268R,EX7,8.90%,missense,1,1q32.1,snv,NM_004433.4,.,A,G,GC.CG,616,55,201982423,201982424,NP_004424.3
P013,180013751,AXIN1,c.1015A>T,p.S339C,EX3,6.00%,missense,16,16p13.3,snv,NM_003502.3,.,T,A,GC.GC,1980,118,364546,364547,NP_003493.1
P013,180013751,EGFR,c.2236_2250delGAATTAAGAGAAGCA,p.E746_A750del,EX19,24.20%,cds-del,7,7p11.2,del,NM_005228.3,6225,GAATTAAGAGAAGCA,.,AG.AC,2279,552,55242465,55242480,NP_005219.2
P014,180013760,FAT1,c.9790G>A,p.E3264K,EX14,5.90%,missense,4,4q35.2,snv,NM_005245.3,.,C,T,TT.TG,663,39,187532602,187532603,NP_005236.2
P014,180013760,CIC,c.1271C>G,p.S424C,EX8,5.20%,missense,19,19q13.2,snv,NM_015125.3,.,C,G,TT.TC,959,50,42793468,42793469,NP_055940.3
P014,180013760,PDGFRB,c.2084G>A,p.R695H,EX15,1.10%,missense,5,5q32,snv,NM_002609.3,3852735,C,T,TG.GG,1088,12,149502703,149502704,NP_002600.1
P014,180013760,ASXL1,c.382G>C,p.D128H,EX6,1.70%,missense,20,20q11.21,snv,NM_015338.5,.,G,C,TT.AT,747,13,31016135,31016136,NP_056153.2
P014,180013760,ROS1,c.5812C>G,p.P1938A,EX36,1.40%,missense,6,6q22.1,snv,NM_002944.2,.,G,C,AG.AA,853,12,117641158,117641159,NP_002935.2
P014,180013760,EP300,c.6916C>G,p.Q2306E,EX31E,1.80%,missense,22,22q13.2,snv,NM_001429.3,.,C,G,AT.AA,1140,20,41574630,41574631,NP_001420.2
P014,180013760,ALK,c.2253G>A,p.M751I,EX13,1.90%,missense,2,2p23.2,snv,NM_004304.4,.,C,T,AT.AT,1104,21,29462647,29462648,NP_004295.2
P014,180013760,EGFR,c.2235_2249delGGAATTAAGAGAAGC,p.E746_A750del,EX19,27.30%,cds-del,7,7p11.2,del,NM_005228.3,6223,GGAATTAAGAGAAGC,.,AA.AA,2223,606,55242464,55242479,NP_005219.2
P014,180013760,LRP1B,c.2140G>A,p.A714T,EX13,1.40%,missense,2,2q22.1,snv,NM_018557.2,.,C,T,GG.AT,801,11,141773314,141773315,NP_061027.2
P014,180013760,GIGYF1,c.683C>T,p.S228F,EX7,2.60%,missense,7,7q22.1,snv,NM_022574.4,367469,G,A,CG.AG,587,15,100284282,100284283,NP_072096.2
P014,180013760,ERBB4,c.3083_3084delTCinsAA,p.F1028*,EX25,2.50%,nonsense,2,2q34,delins,NM_005235.2,.,GA,TT,TT.AA,669,17,212285216,212285218,NP_005226.1
P014,180013760,ATM,c.3930G>T,p.Q1310H,EX26,3.50%,missense,11,11q22.3,snv,NM_000051.3,.,G,T,CA.CA,663,23,108155136,108155137,NP_000042.3
P014,180013760,TET2,c.2461C>T,p.Q821*,EX3,1.90%,nonsense,4,4q24,snv,NM_001127208.2,5047769,C,T,GT.AG,683,13,106157559,106157560,NP_001120680.1
P014,180013760,POLE,c.2490G>T,p.E830D,EX22,3.60%,missense,12,12q24.33,snv,NM_006231.2,.,C,A,AT.TC,445,16,133241026,133241027,NP_006222.2
P014,180013760,IL7R,c.106G>A,p.D36N,EX2,1.80%,missense,5,5p13.2,snv,NM_002185.3,1695576,G,A,TG.AT,813,15,35860976,35860977,NP_002176.2
P014,180013760,MYH14,c.5524G>C,p.E1842Q,EX40,5.20%,missense,19,19q13.33,snv,NM_001145809.1,.,G,C,CA.AG,521,27,50804971,50804972,NP_001139281.1
P015,180013770,EGFR,c.2573T>G,p.L858R,EX21,85.50%,missense,7,7p11.2,snv,NM_005228.3,6224,T,G,GC.GG,5299,4530,55259514,55259515,NP_005219.2
P015,180013770,TP53,c.695T>C,p.I232T,EX7,41.80%,missense,17,17p13.1,snv,NM_000546.5,4436503,A,G,GG.TG,1200,502,7577585,7577586,NP_000537.3
P015,180013770,CBR3,c.86T>C,p.F29S,EX1,8.20%,missense,21,21q22.12,snv,NM_001236.3,.,T,C,GT.CT,1094,90,37507575,37507576,NP_001227.1
P016,180013793,EGFR,c.2235_2249delGGAATTAAGAGAAGC,p.E746_A750del,EX19,25.60%,cds-del,7,7p11.2,del,NM_005228.3,6223,GGAATTAAGAGAAGC,.,AA.AA,1839,470,55242464,55242479,NP_005219.2
P016,180013793,TP53,c.329G>T,p.R110L,EX4,53.00%,missense,17,17p13.1,snv,NM_000546.5,10716,C,A,GA.GG,808,428,7579357,7579358,NP_000537.3
P016,180013793,DDX5,c.1556C>G,p.S519C,EX13E,12.40%,missense,17,17q23.3,snv,NM_004396.3,.,G,C,TA.AG,249,31,62496329,62496330,NP_004387.1
P016,180013793,PCK1,c.533C>A,p.T178K,EX4,9.60%,missense,20,20q13.31,snv,NM_002591.3,.,C,A,CA.GC,1361,131,56137877,56137878,NP_002582.3
P017,180016109,GNA11,c.943G>T,p.D315Y,EX7E,1.60%,missense,19,19p13.3,snv,NM_002067.2,.,G,T,TG.AC,991,16,3121039,3121040,NP_002058.2
P017,180016109,EGFR,c.2240_2254delTAAGAGAAGCAACAT,p.L747_T751del,EX19,23.70%,cds-del,7,7p11.2,del,NM_005228.3,23571,ATTAAGAGAAGCAAC,.,GA.AT,1990,472,55242467,55242482,NP_005219.2
P017,180016109,BRAF,c.994A>T,p.T332S,EX8,12.20%,missense,7,7q34,snv,NM_004333.4,.,T,A,GG.GA,1267,154,140494253,140494254,NP_004324.2
P017,180016109,EPHB6,c.1346G>A,p.G449E,EX9,13.80%,missense,7,7q34,snv,NM_004445.3,.,G,A,GG.AC,1632,225,142563957,142563958,NP_004436.2
P017,180016109,ROCK1,c.980A>G,p.N327S,EX9,13.90%,missense,18,18q11.1,snv,NM_005406.2,.,T,C,CA.TT,625,87,18619503,18619504,NP_005397.1
P017,180016109,STK11,c.838C>A,p.P280T,EX6,10.60%,missense,19,19p13.3,snv,NM_000455.4,.,C,A,GC.CC,1787,189,1221314,1221315,NP_000446.1
P017,180016109,RICTOR,c.3500A>G,p.K1167R,EX31,14.50%,missense,5,5p13.1,snv,NM_152756.3,.,T,C,GC.TA,929,135,38950449,38950450,NP_689969.2
P018,180016121,TP53,c.709_710insACGACA,p.Y236_M237insND,EX7,19.80%,cds-ins,17,17p13.1,ins,NM_000546.5,.,.,TGTCGT,CA.TG,872,173,7577571,7577571,NP_000537.3
P018,180016121,EGFR,c.2236_2250delGAATTAAGAGAAGCA,p.E746_A750del,EX19,12.90%,cds-del,7,7p11.2,del,NM_005228.3,6225,GAATTAAGAGAAGCA,.,AG.AC,1793,231,55242465,55242480,NP_005219.2
P018,180016121,ABCC11,c.233C>T,p.P78L,EX3,2.50%,missense,16,16q12.1,snv,NM_032583.3,140095,G,A,TC.GC,753,19,48264350,48264351,NP_115972.2
P019,180016146,NOTCH4,c.5326C>G,p.R1776G,EX30E,22.00%,missense,6,6p21.32,snv,NM_004557.3,.,G,C,CC.CG,1093,240,32163899,32163900,NP_004548.3
P019,180016146,EGFR,c.2573T>G,p.L858R,EX21,16.70%,missense,7,7p11.2,snv,NM_005228.3,6224,T,G,GC.GG,1566,261,55259514,55259515,NP_005219.2
P019,180016146,TP53,c.610G>T,p.E204*,EX6,17.60%,nonsense,17,17p13.1,snv,NM_000546.5,10804,C,A,CT.CA,1350,237,7578238,7578239,NP_000537.3
P020,180030379,LRP1B,c.5683G>A,p.E1895K,EX35,6.80%,missense,2,2q22.1,snv,NM_018557.2,3567209,C,T,TT.AA,710,48,141526856,141526857,NP_061027.2
P020,180030379,EGFR,c.2369C>T,p.T790M,EX20,40.60%,missense,7,7p11.2,snv,NM_005228.3,6240,C,T,CA.GC,1127,458,55249070,55249071,NP_005219.2
P020,180030379,EGFR,c.2573T>G,p.L858R,EX21,36.10%,missense,7,7p11.2,snv,NM_005228.3,6224,T,G,GC.GG,1117,403,55259514,55259515,NP_005219.2
P020,180030379,MET,c.3028+770T>A,.,IVS14,1.40%,intron,7,7q31.2,snv,NM_000245.2,.,T,A,GT.GC,1111,15,116412812,116412813,NP_000236.2
P021,180026995,MLL2,c.15641G>A,p.R5214H,EX48,1.80%,missense,12,12q13.12,snv,NM_003482.3,2006616,C,T,TG.GC,1358,24,49420107,49420108,NP_003473.3
P021,180026995,FLT4,c.1895G>A,p.R632H,EX13,3.00%,missense,5,5q35.3,snv,NM_182925.4,3669457,C,T,GG.GC,2007,60,180048666,180048667,NP_891555.2
P021,180026995,EGFR,c.2235_2249delGGAATTAAGAGAAGC,p.E746_A750del,EX19,18.90%,cds-del,7,7p11.2,del,NM_005228.3,6223,GGAATTAAGAGAAGC,.,AA.AA,2362,446,55242464,55242479,NP_005219.2
P021,180026995,IFITM3,c.11C>T,p.T4I,EX1,3.20%,missense,11,11p15.5,snv,NM_021034.2,42696,G,A,CA.TG,1094,35,320802,320803,NP_066362.2
P022,170009589,RET,c.139G>A,p.G47S,EX2,20.10%,missense,10,10q11.21,snv,NM_020630.4,3967061,G,A,CC.GC,2255,454,43595971,43595972,NP_065681.1
P022,170009589,TP53,c.734G>A,p.G245D,EX7,18.60%,missense,17,17p13.1,snv,NM_000546.5,1640832,C,T,TG.CG,1674,312,7577546,7577547,NP_000537.3
P022,170009589,EGFR,c.2236_2250delGAATTAAGAGAAGCA,p.E746_A750del,EX19,7.30%,cds-del,7,7p11.2,del,NM_005228.3,6225,GAATTAAGAGAAGCA,.,AA.AC,2317,169,55242465,55242480,NP_005219.2
P022,170009589,TP53,c.714T>A,p.C238*,EX7,3.00%,nonsense,17,17p13.1,snv,NM_000546.5,45677,A,T,TT.CA,1639,49,7577566,7577567,NP_000537.3
P023,170007886,OR6F1,c.344T>C,p.L115P,EX1,15.80%,missense,1,1q44,snv,NM_001005286.1,.,A,G,CC.GG,1732,274,247875713,247875714,NP_001005286.1
P023,170007886,TP53,c.871_872delAA,p.K291Efs*14,EX8,64.10%,frameshift,17,17p13.1,del,NM_000546.5,.,TT,.,TT.GC,1158,742,7577065,7577067,NP_000537.3
P023,170007886,EGFR,c.2573T>G,p.L858R,EX21,26.70%,missense,7,7p11.2,snv,NM_005228.3,6224,T,G,GC.GG,1882,502,55259514,55259515,NP_005219.2
P023,170007886,AURKA,c.725A>G,p.N242S,EX9,18.60%,missense,20,20q13.2,snv,NM_198433.1,.,T,C,CA.TT,887,165,54948592,54948593,NP_940835.1
P024,170013048,CTNNB1,c.101G>T,p.G34V,EX3,15.80%,missense,3,3p22.1,snv,NM_001904.3,5670,G,T,TG.AA,1070,169,41266103,41266104,NP_001895.1
P024,170013048,NOTCH4,c.1640G>A,p.R547Q,EX10,14.70%,missense,6,6p21.32,snv,NM_004557.3,4529776,C,T,AT.GG,803,118,32185027,32185028,NP_004548.3
P024,170013048,ERBB2,c.3242G>A,p.R1081Q,EX29,8.90%,missense,17,17q12,snv,NM_001005862.1,.,G,A,GC.GT,1452,129,37883719,37883720,NP_001005862.1
P024,170013048,EGFR,c.2573T>G,p.L858R,EX21,47.90%,missense,7,7p11.2,snv,NM_005228.3,6224,T,G,GC.GG,1049,502,55259514,55259515,NP_005219.2
P026,170014858,RPS6KA1,c.1222C>T,p.P408S,EX13,9.70%,missense,1,1p36.11,snv,NM_001006665.1,.,C,T,CA.CC,483,47,26885407,26885408,NP_001006666.1
P026,170014858,MDM2,c.1342C>G,p.Q448E,EX11,6.50%,missense,12,12q15,snv,NM_002392.4,.,C,G,GT.AA,2854,186,69233476,69233477,NP_002383.2
P026,170014858,EGFR,c.2235_2249delGGAATTAAGAGAAGC,p.E746_A750del,EX19,22.90%,cds-del,7,7p11.2,del,NM_005228.3,6223,GGAATTAAGAGAAGC,.,CA.AA,541,124,55242464,55242479,NP_005219.2
P026,170014858,PDGFRA,c.1751C>T,p.S584L,EX12,8.40%,missense,4,4q12,snv,NM_006206.4,.,C,T,CT.AA,655,55,55141104,55141105,NP_006197.1
P027,170014853,TP53,c.703A>G,p.N235D,EX7,8.90%,missense,17,17p13.1,snv,NM_000546.5,11542,T,C,GT.GT,1016,90,7577577,7577578,NP_000537.3
P027,170014853,POM121L12,c.778G>A,p.A260T,EX1,1.10%,missense,7,7p12.1,snv,NM_182595.3,1090729,G,A,CC.CC,2598,28,53104141,53104142,NP_872401.3
P027,170014853,POM121L12,c.818C>T,p.P273L,EX1,0.50%,missense,7,7p12.1,snv,NM_182595.3,.,C,T,GC.TT,2556,13,53104181,53104182,NP_872401.3
P027,170014853,EGFR,c.2235_2249delGGAATTAAGAGAAGC,p.E746_A750del,EX19,20.40%,cds-del,7,7p11.2,del,NM_005228.3,6223,GGAATTAAGAGAAGC,.,CA.AA,1391,284,55242464,55242479,NP_005219.2
P027,170014853,ACIN1,c.2263C>A,p.H755N,EX8,16.50%,missense,14,14q11.2,snv,NM_014977.3,.,G,T,AT.AG,1367,225,23547393,23547394,NP_055792.1
P027,170014853,DNMT3A,c.1591C>T,p.R531C,EX14,16.30%,missense,2,2p23.3,snv,NM_153759.3,1407104,G,A,GC.AG,1332,217,25463523,25463524,NP_715640.2
P027,170014853,USP34,c.632G>A,p.R211H,EX5,15.70%,missense,2,2p15,snv,NM_014709.3,1232043,C,T,AA.GA,1543,242,61622108,61622109,NP_055524.3
P027,170014853,RARA,c.1031A>T,p.Q344L,EX8,1.50%,missense,17,17q21.2,snv,NM_000964.3,.,A,T,GC.GC,1552,23,38511532,38511533,NP_000955.1
P028,170017422,EGFR,c.2217_2234dupAATTCCCGTCGCTATCAA,p.I740_K745dup,EX19,1.50%,cds-ins,7,7p11.2,ins,NM_005228.3,.,.,AAAATTCCCGTCGCTATC,TT.AA,5648,83,55242444,55242444,NP_005219.2
P028,170017422,MGA,c.7303C>T,p.R2435W,EX20,9.40%,missense,15,15q15.1,snv,NM_001164273.1,187703,C,T,GG.GG,741,70,42052631,42052632,NP_001157745.1
P028,170017422,TUBB3,c.910G>A,p.E304K,EX4,10.60%,missense,16,16q24.3,snv,NM_001197181.1,.,G,A,AG.AG,547,58,90001984,90001985,NP_001184110.1
P028,170017422,TP53,c.241dupA,p.T81Nfs*68,EX4,20.10%,frameshift,17,17p13.1,ins,NM_000546.5,5433538,.,T,TG.TA,1115,224,7579445,7579445,NP_000537.3
P028,170017422,IDH1,c.394C>T,p.R132C,EX4,17.40%,missense,2,2q34,snv,NM_005896.2,28747,G,A,AC.AC,829,144,209113112,209113113,NP_005887.2
P029,180003966,EGFR,c.2573T>G,p.L858R,EX21,40.70%,missense,7,7p11.2,snv,NM_005228.3,6224,T,G,GC.GG,1573,640,55259514,55259515,NP_005219.2
P029,180003966,RINT1,c.2248G>T,p.V750L,EX15,3.80%,missense,7,7q22.3,snv,NM_021930.4,.,G,T,AT.TA,780,30,105207626,105207627,NP_068749.3
P029,180003966,RET,c.325C>A,p.L109I,EX2,5.50%,missense,10,10q11.21,snv,NM_020975.4,.,C,A,AG.TC,1187,65,43596157,43596158,NP_066124.1
P029,180003966,TP53,c.681dupT,p.D228*fs*1,EX7,8.20%,frameshift,17,17p13.1,ins,NM_000546.5,69213,.,A,TC.AG,1070,88,7577599,7577599,NP_000537.3
P029,180003966,FLT4,c.3537+2T>A,.,IVS26,3.20%,splice-5,5,5q35.3,snv,NM_182925.4,.,A,T,TC.CT,585,19,180039503,180039504,NP_891555.2
P030,180004552,APC,c.1333C>T,p.Q445*,EX11,25.60%,nonsense,5,5q22.2,snv,NM_000038.5,5009801,C,T,AT.AG,558,143,112157612,112157613,NP_000029.2
P030,180004552,EGFR,c.2573T>G,p.L858R,EX21,29.30%,missense,7,7p11.2,snv,NM_005228.3,6224,T,G,GC.GG,1369,401,55259514,55259515,NP_005219.2
P031,180004555,TP53,c.578A>G,p.H193R,EX6,14.00%,missense,17,17p13.1,snv,NM_000546.5,10742,T,C,GA.GC,1065,149,7578270,7578271,NP_000537.3
P031,180004555,EGFR,c.2236_2250delGAATTAAGAGAAGCA,p.E746_A750del,EX19,20.10%,cds-del,7,7p11.2,del,NM_005228.3,6225,GAATTAAGAGAAGCA,.,AG.AC,1336,269,55242465,55242480,NP_005219.2
P032,180030344,MSH6,c.3025A[4>3],p.T1010Lfs*10,EX4,8.60%,frameshift,2,2p16.3,del,NM_000179.2,.,A,.,CC.AA,998,86,48028146,48028147,NP_000170.1
P032,180030344,TP53,c.797_798delGAinsTT,p.G266V,EX8,17.20%,missense,17,17p13.1,delins,NM_000546.5,.,TC,AA,CG.CC,1165,200,7577139,7577141,NP_000537.3
P032,180030344,CDH18,c.2197G>C,p.D733H,EX13E,19.20%,missense,5,5p14.3,snv,NM_004934.3,.,C,G,GT.AT,365,70,19473510,19473511,NP_004925.1
P032,180030344,ROS1,c.4601ATT[3>2],p.Y1535[2>1],EX28,7.90%,cds-del,6,6q22.1,del,NM_002944.2,.,AAT,.,TG.AA,620,49,117663622,117663625,NP_002935.2
P032,180030344,CHEK2,c.454C>T,p.P152S,EX4,9.80%,missense,22,22q12.1,snv,NM_007194.3,.,G,A,AG.AC,754,74,29121102,29121103,NP_009125.1
P032,180030344,EGFR,c.2573T>G,p.L858R,EX21,21.50%,missense,7,7p11.2,snv,NM_005228.3,6224,T,G,GC.GG,1266,272,55259514,55259515,NP_005219.2
P032,180030344,NOTCH1,c.7264A>C,p.S2422R,EX34E,3.00%,missense,9,9q34.3,snv,NM_017617.3,.,T,G,GC.CA,1977,59,139390926,139390927,NP_060087.3
P033,170006951,EGFR,c.2573T>G,p.L858R,EX21,73.60%,missense,7,7p11.2,snv,NM_005228.3,6224,T,G,GC.GG,3195,2350,55259514,55259515,NP_005219.2
P033,170006951,TP53,c.301A[4>3],p.T102Pfs*21,EX4,60.90%,frameshift,17,17p13.1,del,NM_000546.5,45766,T,.,AG.TT,1503,867,7579382,7579383,NP_000537.3
P033,170006951,VEGFA,c.106C>T,p.P36S,EX1,11.70%,missense,6,6p21.1,snv,NM_001025366.2,.,C,T,ag.cc,2278,267,43738548,43738549,NP_001020537.2
P034,170000362,CTNNB1,c.110C>T,p.S37F,EX3,13.20%,missense,3,3p22.1,snv,NM_001904.3,5662,C,T,TT.TG,770,102,41266112,41266113,NP_001895.1
P034,170000362,CHEK1,c.49G>A,p.E17K,EX2,11.70%,missense,11,11q24.2,snv,NM_001114121.2,.,G,A,GA.AA,758,89,125496711,125496712,NP_001107593.1
P034,170000362,ERBB4,c.2975G>A,p.R992H,EX25,8.40%,missense,2,2q34,snv,NM_005235.2,2716005,C,T,TA.GA,608,51,212285325,212285326,NP_005226.1
P034,170000362,DDR2,c.1990C>A,p.Q664K,EX16,1.90%,missense,1,1q23.3,snv,NM_001014796.1,.,C,A,AT.AG,1395,27,162745574,162745575,NP_001014796.1
P034,170000362,ABL2,c.1912G>T,p.D638Y,EX12,1.60%,missense,1,1q25.2,snv,NM_007314.3,.,C,A,AT.TT,1115,18,179078489,179078490,NP_009298.1
P034,170000362,ATR,c.2248C>G,p.Q750E,EX10,1.60%,missense,3,3q23,snv,NM_001184.3,.,G,C,TT.AG,508,8,142274811,142274812,NP_001175.2
P034,170000362,PTCH2,c.2782G>A,p.E928K,EX18,1.20%,missense,1,1p34.1,snv,NM_001166292.1,.,C,T,CT.GA,944,11,45292353,45292354,NP_001159764.1
P034,170000362,EGFR,c.2235_2249delGGAATTAAGAGAAGC,p.E746_A750del,EX19,13.20%,cds-del,7,7p11.2,del,NM_005228.3,6223,GGAATTAAGAGAAGC,.,CA.AA,768,101,55242464,55242479,NP_005219.2
P035,170006896,CTNNB1,c.121A>G,p.T41A,EX3,21.90%,missense,3,3p22.1,snv,NM_001904.3,5664,A,G,CT.CC,2070,453,41266123,41266124,NP_001895.1
P035,170006896,EGFR,c.2240_2264delinsCGAAAGA,p.L747_A755delinsSKD,EX19,14.70%,cds-indel,7,7p11.2,del,NM_005228.3,12370,TAAGAGAAGCAACATCTCCGAAAGC,CGAAAGA,AA.CG,1572,194,55242469,55242487,NP_005219.2
P036,180013848,BCORL1,c.5071C>T,p.R1691W,EX12E,13.60%,missense,X,Xq26.1,snv,NM_021946.4,.,C,T,TG.GG,242,33,129190045,129190046,NP_068765.3
P036,180013848,EGFR,c.2155G>A,p.G719S,EX18,4.10%,missense,7,7p11.2,snv,NM_005228.3,6252,G,A,TG.GC,740,30,55241706,55241707,NP_005219.2
P036,180013848,EGFR,c.2303G>T,p.S768I,EX20,4.50%,missense,7,7p11.2,snv,NM_005228.3,6241,G,T,CA.CG,579,26,55249004,55249005,NP_005219.2
P037,170007536,EGFR,c.2240_2257delTAAGAGAAGCAACATCTC,p.L747_P753delinsS,EX19,44.90%,cds-indel,7,7p11.2,del,NM_005228.3,12370,TAAGAGAAGCAACATCTC,.,AA.CG,483,217,55242469,55242487,NP_005219.2
P037,170007536,SRC,c.1393C>T,p.P465S,EX13,33.10%,missense,20,20q11.23,snv,NM_005417.3,.,C,T,TG.CC,411,136,36031273,36031274,NP_005408.1
P037,170007536,MED12,c.2567T>G,p.I856S,EX19,32.70%,missense,X,Xq13.1,snv,NM_005120.2,.,T,G,GA.CA,361,118,70346215,70346216,NP_005111.2
P037,170007536,TSC2,c.5051_5068+16delCCCTGCAGTGCAGGAAAGGTAGGGCCGGGTGGGG,.,EX39-IVS39,2.50%,span,16,16p13.3,del,NM_000548.3,.,CCCTGCAGTGCAGGAAAGGTAGGGCCGGGTGGGG,.,TG.CC,355,9,2137924,2137958,NP_000539.2
P038,170007551,EGFR,c.2573T>G,p.L858R,EX21,62.80%,missense,7,7p11.2,snv,NM_005228.3,6224,T,G,GC.GG,1108,696,55259514,55259515,NP_005219.2
P038,170007551,TP53,c.1047_1061delACTCAAGGATGCCCA,p.L350_Q354del,EX10,30.30%,cds-del,17,17p13.1,del,NM_000546.5,.,TGGGCATCCTTGAGT,.,GC.TC,277,84,7573965,7573980,NP_000537.3
P038,170007551,KIT,c.2540C>T,p.T847M,EX18,22.40%,missense,4,4q12,snv,NM_000222.2,1212555,C,T,CA.GT,482,108,55602718,55602719,NP_000213.1
P039,170011227,EGFR,c.2235_2249delGGAATTAAGAGAAGC,p.E746_A750del,EX19,15.70%,cds-del,7,7p11.2,del,NM_005228.3,6223,GGAATTAAGAGAAGC,.,CA.AA,140,22,55242464,55242479,NP_005219.2
P040,170016903,TP53,c.404G>T,p.C135F,EX5,18.70%,missense,17,17p13.1,snv,NM_000546.5,10647,C,A,GG.AA,854,160,7578525,7578526,NP_000537.3
P040,170016903,EGFR,c.2240_2257delTAAGAGAAGCAACATCTC,p.L747_P753delinsS,EX19,49.50%,cds-indel,7,7p11.2,del,NM_005228.3,12370,TAAGAGAAGCAACATCTC,.,AT.CG,3329,1649,55242469,55242487,NP_005219.2
P041,170015168,EGFR,c.2239_2248delinsC,p.L747_A750delinsP,EX19,34.40%,cds-del,7,7p11.2,snv,NM_005228.3,6219,TTAAGAGAAG,C,AA.CA,839,289,55242465,55242478,NP_005219.2
P042,180003391,TBX3,c.1339C>G,p.R447G,EX7,14.10%,missense,12,12q24.21,snv,NM_016569.3,.,G,C,GC.AG,1592,224,115112400,115112401,NP_057653.3
P042,180003391,NBN,c.853T>C,p.C285R,EX7,12.90%,missense,8,8q21.3,snv,NM_002485.4,.,A,G,AC.GT,101,13,90982634,90982635,NP_002476.2
P042,180003391,FOXP1,c.1192G>T,p.A398S,EX11,16.70%,missense,3,3p13,snv,NM_001244814.1,.,C,A,AG.CT,864,144,71027134,71027135,NP_001231743.1
P042,180003391,FAT3,c.12582C>A,p.D4194E,EX23,10.30%,missense,11,11q14.3,snv,NM_001008781.2,.,C,A,GA.CC,503,52,92616203,92616204,NP_001008781.2
P042,180003391,EGFR,c.2240_2257delTAAGAGAAGCAACATCTC,p.L747_P753delinsS,EX19,26.70%,cds-indel,7,7p11.2,del,NM_005228.3,12370,TAAGAGAAGCAACATCTC,.,AT.CG,904,241,55242469,55242487,NP_005219.2
P042,180003391,TP53,c.814G>A,p.V272M,EX8,49.10%,missense,17,17p13.1,snv,NM_000546.5,10891,C,T,CA.CT,802,394,7577123,7577124,NP_000537.3
P043,190010277,EGFR,c.2240_2257delTAAGAGAAGCAACATCTC,p.L747_P753delinsS,EX19,52.80%,cds-indel,7,7p11.2,del,NM_005228.3,12370,TAAGAGAAGCAACATCTC,.,AT.CG,3263,1724,55242469,55242487,NP_005219.2
P044,170008738,EGFR,c.2573T>G,p.L858R,EX21,8.40%,missense,7,7p11.2,snv,NM_005228.3,6224,T,G,GC.GG,1305,109,55259514,55259515,NP_005219.2
P045,170010279,TSC2,c.5259+1G>A,.,IVS41,20.70%,splice-5,16,16p13.3,snv,NM_000548.3,.,G,A,GG.TA,1018,211,2138326,2138327,NP_000539.2
P045,170010279,STAT3,c.532A>G,p.T178A,EX6,16.30%,missense,17,17q21.2,snv,NM_139276.2,.,T,C,GG.TT,724,118,40490766,40490767,NP_644805.1
P045,170010279,NOTCH1,c.4760A>T,p.N1587I,EX26,10.80%,missense,9,9q34.3,snv,NM_017617.3,.,T,A,TG.TG,2053,222,139399382,139399383,NP_060087.3
P045,170010279,EGFR,c.2235_2249delGGAATTAAGAGAAGC,p.E746_A750del,EX19,9.30%,cds-del,7,7p11.2,del,NM_005228.3,6223,GGAATTAAGAGAAGC,.,CA.AA,1015,94,55242464,55242479,NP_005219.2
P045,170010279,STAT1,c.890ACAA[2>1],p.Q299Cfs*36,EX10,21.30%,frameshift,2,2q32.2,del,NM_007315.3,.,TTGT,.,CA.TT,1162,247,191859833,191859837,NP_009330.1
P046,180003004,EGFR,c.2573T>G,p.L858R,EX21,32.90%,missense,7,7p11.2,snv,NM_005228.3,6224,T,G,GC.GG,1226,403,55259514,55259515,NP_005219.2
P046,180003004,FAT1,c.8749C>T,p.R2917*,EX10,16.10%,nonsense,4,4q35.2,snv,NM_005245.3,1054133,G,A,TC.TG,784,126,187538990,187538991,NP_005236.2
P046,180003004,BRCA2,c.41T[5>2],p.F15del,EX2,12.60%,cds-del,13,13q13.1,del,NM_000059.3,.,TTT,.,AA.TT,808,102,32890637,32890640,NP_000050.2
P046,180003004,CSMD3,c.11071_11072delGGinsTT,p.G3691L,EX71,9.40%,missense,8,8q23.3,delins,NM_198123.1,.,CC,AA,TC.TT,1093,103,113237051,113237053,NP_937756.1
P046,180003004,JAK3,c.1952G>A,p.R651Q,EX15,6.40%,missense,19,19p13.11,snv,NM_000215.3,.,C,T,TC.GG,1320,85,17945986,17945987,NP_000206.2
P046,180003004,TP53,c.738G>C,p.M246I,EX7,24.20%,missense,17,17p13.1,snv,NM_000546.5,10757,C,G,TT.AT,957,232,7577542,7577543,NP_000537.3
P047,170016773,PIK3CA,c.3074C>G,p.T1025S,EX21,23.40%,missense,3,3q26.32,snv,NM_006218.2,.,C,G,GA.CC,873,204,178952018,178952019,NP_006209.2
P047,170016773,TERT,c.-58-u66C>T,.,.,38.40%,promoter,5,5p15.33,snv,NM_198253.2,.,G,A,ga.gg,471,181,1295227,1295228,NP_937983.2
P047,170016773,EGFR,c.2573T>G,p.L858R,EX21,21.90%,missense,7,7p11.2,snv,NM_005228.3,6224,T,G,GC.GG,986,216,55259514,55259515,NP_005219.2
P047,170016773,TP53,c.853G>A,p.E285K,EX8,29.90%,missense,17,17p13.1,snv,NM_000546.5,10722,C,T,CT.TG,780,233,7577084,7577085,NP_000537.3
P048,180002998,TP53,c.329G>T,p.R110L,EX4,12.20%,missense,17,17p13.1,snv,NM_000546.5,10716,C,A,GA.GG,558,68,7579357,7579358,NP_000537.3
P048,180002998,EGFR,c.2573T>G,p.L858R,EX21,54.50%,missense,7,7p11.2,snv,NM_005228.3,6224,T,G,GC.GG,1531,834,55259514,55259515,NP_005219.2
P048,180002998,RBM10,c.2004_2005insTA,p.Q669Yfs*101,EX17,36.40%,frameshift,X,Xp11.23,ins,NM_001204468.1,.,.,TA,AG.CA,921,335,47041584,47041584,NP_001191397.1
P048,180002998,RICTOR,c.3066_3078delAAGTTTGAACTCG,p.L1024Qfs*52,EX30,11.30%,frameshift,5,5p13.1,del,NM_152756.3,.,CGAGTTCAAACTT,.,TC.AG,802,91,38952346,38952359,NP_689969.2
P049,180005157,EGFR,c.2240_2254delTAAGAGAAGCAACAT,p.L747_T751del,EX19,50.80%,cds-del,7,7p11.2,del,NM_005228.3,23571,ATTAAGAGAAGCAAC,.,GA.AT,4728,2403,55242467,55242482,NP_005219.2
P049,180005157,TP53,c.818G>T,p.R273L,EX8,31.00%,missense,17,17p13.1,snv,NM_000546.5,10779,C,A,CA.GC,1173,364,7577119,7577120,NP_000537.3
P050,180002997,EGFR,c.2573T>G,p.L858R,EX21,87.20%,missense,7,7p11.2,snv,NM_005228.3,6224,T,G,GC.GG,7023,6121,55259514,55259515,NP_005219.2
P050,180002997,TP53,c.659A>G,p.Y220C,EX6,45.00%,missense,17,17p13.1,snv,NM_000546.5,10758,T,C,CA.AG,884,398,7578189,7578190,NP_000537.3
P050,180002997,CDKN2A,c.322G>T,p.D108Y,EX2,37.70%,missense,9,9p21.3,snv,NM_000077.4,13489,C,A,AT.GC,1014,382,21971035,21971036,NP_000068.1
P050,180002997,FAT2,c.461G>T,p.R154I,EX1,16.80%,missense,5,5q33.1,snv,NM_001447.2,.,C,A,CT.TG,1066,179,150948031,150948032,NP_001438.1
P050,180002997,RBM10,c.1271_1285delTGCTGCAGATCCTGC,p.L424_L428del,EX11,10.70%,cds-del,X,Xp11.23,del,NM_001204468.1,.,GCTGCTGCAGATCCT,.,CA.GC,654,70,47039621,47039636,NP_001191397.1
P050,180002997,TPR,c.5098A>G,p.M1700V,EX36,10.20%,missense,1,1q31.1,snv,NM_003292.2,.,T,C,CA.TG,972,99,186303540,186303541,NP_003283.2
P051,180005156,SMAD4,c.1567T>C,p.C523R,EX12,15.40%,missense,18,18q21.2,snv,NM_005359.5,.,T,C,CT.GC,751,116,48604744,48604745,NP_005350.1
P051,180005156,EGFR,c.2239_2248delinsC,p.L747_A750delinsP,EX19,8.50%,cds-del,7,7p11.2,del,NM_005228.3,.,TTAAGAGAAG,C,AG.GA,1511,128,55242468,55242478,NP_005219.2
P051,180005156,KDM5A,c.230T>G,p.L77R,EX2,5.30%,missense,12,12p13.33,snv,NM_001042603.1,.,A,C,TC.GG,675,36,495075,495076,NP_001036068.1
P051,180005156,WSCD2,c.532G>A,p.E178K,EX4,17.90%,missense,12,12q23.3,snv,NM_014653.2,5541806,G,A,CC.AG,1008,180,108603931,108603932,NP_055468.2
P052,180006231,EGFR,c.2573T>G,p.L858R,EX21,24.50%,missense,7,7p11.2,snv,NM_005228.3,6224,T,G,GC.GG,1196,293,55259514,55259515,NP_005219.2
P052,180006231,CBL,c.1148T>C,p.I383T,EX8,3.80%,missense,11,11q23.3,snv,NM_005188.3,4384636,T,C,AA.AT,394,15,119148927,119148928,NP_005179.2
P052,180006231,ERBB4,c.3824G>A,p.R1275Q,EX28,2.50%,missense,2,2q34,snv,NM_005235.2,.,C,T,GC.GG,599,15,212248442,212248443,NP_005226.1
P052,180006231,CCND2,c.110A>G,p.Y37C,EX1,2.20%,missense,12,12p13.32,snv,NM_001759.3,.,A,G,CT.CC,1216,27,4383315,4383316,NP_001750.1
P052,180006231,KIT,c.2663G>A,p.R888Q,EX19,17.20%,missense,4,4q12,snv,NM_000222.2,1056113,G,A,CC.GA,553,95,55602952,55602953,NP_000213.1
P052,180006231,NCOR1,c.6955+1G>A,.,IVS44,3.90%,splice-5,17,17p12,snv,NM_006311.3,.,C,T,TA.CT,362,14,15942745,15942746,NP_006302.2
P052,180006231,TET2,c.2385C>A,p.S795R,EX3,9.10%,missense,4,4q24,snv,NM_001127208.2,.,C,A,AG.GA,493,45,106157483,106157484,NP_001120680.1
P052,180006231,RARA,c.622T>C,p.Y208H,EX5,1.80%,missense,17,17q21.2,snv,NM_000964.3,.,T,C,AA.AC,921,17,38508313,38508314,NP_000955.1
P052,180006231,RAD50,c.359G>A,p.R120K,EX3,2.60%,missense,5,5q31.1,snv,NM_005732.3,.,G,A,TA.AA,391,10,131911613,131911614,NP_005723.2
P052,180006231,KDM6A,c.2423A>T,p.H808L,EX17,2.60%,missense,X,Xp11.3,snv,NM_021140.2,.,A,T,TC.TA,642,17,44929322,44929323,NP_066963.2
P052,180006231,POM121L12,c.481G>A,p.A161T,EX1,3.00%,missense,7,7p12.1,snv,NM_182595.3,1262727,G,A,cc.ca,1054,32,53103844,53103845,NP_872401.3
P052,180006231,AFF2,c.88T>A,p.W30R,EX2,10.60%,missense,X,Xq28,snv,NM_002025.3,.,T,A,AA.GG,301,32,147733559,147733560,NP_002016.2
P053,180006225,SLX4,c.3802G>A,p.D1268N,EX12,8.60%,missense,16,16p13.3,snv,NM_032444.2,.,C,T,GT.AC,1382,119,3639836,3639837,NP_115820.2
P053,180006225,STAT3,c.1230C>G,p.H410Q,EX13,6.40%,missense,17,17q21.2,snv,NM_139276.2,.,G,C,AA.TG,606,39,40481574,40481575,NP_644805.1
P053,180006225,PIK3CA,c.3129G>T,p.M1043I,EX21,3.20%,missense,3,3q26.32,snv,NM_006218.2,419700,G,T,AT.AA,471,15,178952073,178952074,NP_006209.2
P053,180006225,EGFR,c.2239_2247delTTAAGAGAA,p.L747_E749del,EX19,3.60%,cds-del,7,7p11.2,del,NM_005228.3,.,GAATTAAGA,.,AG.GA,807,29,55242465,55242474,NP_005219.2
P053,180006225,EGFR,c.2248G>C,p.A750P,EX19,4.10%,missense,7,7p11.2,snv,NM_005228.3,6219,G,C,AA.CA,804,33,55242477,55242478,NP_005219.2
P053,180006225,TP53,c.991C>T,p.Q331*,EX9,4.90%,nonsense,17,17p13.1,snv,NM_000546.5,11354,G,A,CT.AA,526,26,7576854,7576855,NP_000537.3
P054,180006255,EGFR,c.2573T>G,p.L858R,EX21,91.20%,missense,7,7p11.2,snv,NM_005228.3,6224,T,G,GC.GG,15708,14330,55259514,55259515,NP_005219.2
P054,180006255,FGF23,c.592C>T,p.R198W,EX3,12.60%,missense,12,12p13.32,snv,NM_020638.2,248801,G,A,CC.GG,2039,257,4479672,4479673,NP_065689.1
P055,180006226,PMS2,c.-87-u218C>T,.,.,7.60%,promoter,7,7p22.1,snv,NM_000535.5,.,G,A,TG.CC,1329,101,6048954,6048955,NP_000526.1
P055,180006226,EGFR,c.2573T>G,p.L858R,EX21,41.10%,missense,7,7p11.2,snv,NM_005228.3,6224,T,G,GC.GG,1121,461,55259514,55259515,NP_005219.2
P055,180006226,EGFR,c.3041A>G,p.D1014G,EX25,2.60%,missense,7,7p11.2,snv,NM_005228.3,.,A,G,CG.CG,1288,33,55268974,55268975,NP_005219.2
P055,180006226,TP53,c.644G>T,p.S215I,EX6,31.40%,missense,17,17p13.1,snv,NM_000546.5,11450,C,A,CA.TA,663,208,7578204,7578205,NP_000537.3
P056,180006233,SUCLG2,c.790G>A,p.D264N,EX8,8.80%,missense,3,3p14.1,snv,NM_001177599.1,.,C,T,GT.AT,525,46,67548686,67548687,NP_001171070.1
P056,180006233,EGFR,c.2573T>G,p.L858R,EX21,29.90%,missense,7,7p11.2,snv,NM_005228.3,6224,T,G,GC.GG,1681,503,55259514,55259515,NP_005219.2
P056,180006233,HRAS,c.7G>A,p.E3K,EX2,7.40%,missense,11,11p15.5,snv,NM_001130442.1,.,C,T,TT.CG,1926,143,534315,534316,NP_001123914.1
P056,180006233,GRIN2A,c.4169C>T,p.S1390L,EX13,1.30%,missense,16,16p13.2,snv,NM_001134407.1,3889174,G,A,AC.AG,1925,25,9857231,9857232,NP_001127879.1
P056,180006233,TP53,c.413C>T,p.A138V,EX5,18.40%,missense,17,17p13.1,snv,NM_000546.5,288784,G,A,TG.CC,1242,228,7578516,7578517,NP_000537.3
P056,180006233,MTOR,c.6050T>C,p.I2017T,EX44,18.70%,missense,1,1p36.22,snv,NM_004958.3,.,A,G,GG.TC,1430,267,11187846,11187847,NP_004949.1
P057,180006223,EPHA5,c.704C>T,p.S235F,EX3,17.60%,missense,4,4q13.1,snv,NM_004439.5,.,G,A,CA.AA,153,27,66467564,66467565,NP_004430.4
P057,180006223,EP300,c.1905G>C,p.E635D,EX10,7.50%,missense,22,22q13.2,snv,NM_001429.3,.,G,C,GA.AA,201,15,41537077,41537078,NP_001420.2
P057,180006223,APC,c.1660C>T,p.R554*,EX14,1.10%,nonsense,5,5q22.2,snv,NM_000038.5,19040,C,T,GG.GA,184,2,112164585,112164586,NP_000029.2
P057,180006223,EGFR,c.2573T>G,p.L858R,EX21,27.10%,missense,7,7p11.2,snv,NM_005228.3,6224,T,G,GC.GG,225,61,55259514,55259515,NP_005219.2
P057,180006223,CUL3,c.158G>A,p.S53N,EX2,6.00%,missense,2,2q36.2,snv,NM_003590.4,.,C,T,AA.TA,149,9,225422481,225422482,NP_003581.1
P057,180006223,WT1,c.1304C>T,p.S435L,EX8,21.80%,missense,11,11p13,snv,NM_024426.4,.,G,A,CT.AA,147,32,32414246,32414247,NP_077744.3
P057,180006223,CTNNB1,c.98C>T,p.S33F,EX3,24.30%,missense,3,3p22.1,snv,NM_001904.3,5669,C,T,CT.TG,152,37,41266100,41266101,NP_001895.1
P057,180006223,TP53,c.811G>A,p.E271K,EX8,20.80%,missense,17,17p13.1,snv,NM_000546.5,10719,C,T,CT.AA,221,46,7577126,7577127,NP_000537.3
P057,180006223,CTNNB1,c.110C>T,p.S37F,EX3,2.90%,missense,3,3p22.1,snv,NM_001904.3,5662,C,T,TT.TG,140,4,41266112,41266113,NP_001895.1
P057,180006223,TP53,c.742C>T,p.R248W,EX7,1.30%,missense,17,17p13.1,snv,NM_000546.5,10656,G,A,CC.GT,227,3,7577538,7577539,NP_000537.3
P057,180006223,SETD2,c.3871G>A,p.E1291K,EX3,28.20%,missense,3,3p21.31,snv,NM_014159.6,.,C,T,TT.TG,163,46,47162254,47162255,NP_054878.5
P057,180006223,SMAD4,c.119T[2>3],p.E41*fs*1,EX2,22.70%,frameshift,18,18q21.2,ins,NM_005359.5,.,.,T,AA.TT,176,40,48573534,48573534,NP_005350.1
P057,180006223,APC,c.995G>T,p.R332L,EX10,1.30%,missense,5,5q22.2,snv,NM_000038.5,.,G,T,GC.AA,149,2,112154723,112154724,NP_000029.2
P058,180006222,FGF23,c.510C>A,p.N170K,EX3,6.30%,missense,12,12p13.32,snv,NM_020638.2,.,G,T,GT.TT,143,9,4479754,4479755,NP_065689.1
P058,180006222,TP53,c.830G>T,p.C277F,EX8,11.30%,missense,17,17p13.1,snv,NM_000546.5,10749,C,A,GA.AG,204,23,7577107,7577108,NP_000537.3
P058,180006222,TP53,c.632C>T,p.T211I,EX6,10.70%,missense,17,17p13.1,snv,NM_000546.5,1386676,G,A,AA.TG,233,25,7578216,7578217,NP_000537.3
P058,180006222,LRP1B,c.11438G>T,p.G3813V,EX75,6.40%,missense,2,2q22.1,snv,NM_018557.2,.,C,A,CT.CA,141,9,141114002,141114003,NP_061027.2
P058,180006222,EGFR,c.2573T>G,p.L858R,EX21,18.30%,missense,7,7p11.2,snv,NM_005228.3,6224,T,G,GC.GG,208,38,55259514,55259515,NP_005219.2
P058,180006222,CDH1,c.2468C>G,p.T823R,EX16,11.80%,missense,16,16q22.1,snv,NM_004360.3,.,C,G,CA.AG,178,21,68867220,68867221,NP_004351.1
P059,180006229,EGFR,c.2573T>G,p.L858R,EX21,32.00%,missense,7,7p11.2,snv,NM_005228.3,6224,T,G,GC.GG,253,81,55259514,55259515,NP_005219.2
P059,180006229,RUNX1,c.1267C>T,p.R423C,EX9,3.00%,missense,21,21q22.12,snv,NM_001754.4,.,G,A,GC.CT,236,7,36164607,36164608,NP_001745.2
P059,180006229,MAP2K1,c.637G>A,p.G213R,EX6,12.00%,missense,15,15q22.31,snv,NM_002755.3,.,G,A,GC.GG,150,18,66774160,66774161,NP_002746.1
P059,180006229,TSC2,c.5209C>A,p.P1737T,EX41,8.90%,missense,16,16p13.3,snv,NM_000548.3,.,C,A,AC.CC,157,14,2138275,2138276,NP_000539.2
P059,180006229,TP53,c.715A[2>1],p.N239Tfs*8,EX7,18.40%,frameshift,17,17p13.1,del,NM_000546.5,.,T,.,TG.TA,152,28,7577564,7577565,NP_000537.3
P060,180006177,ARID1B,c.730_735delCCCGGC,p.P244_G245del,EX1,6.00%,cds-del,6,6q25.3,del,NM_020732.3,.,CGGCCC,.,gg.cg,2100,127,157099788,157099794,NP_065783.3
P060,180006177,MLL3,c.2758G>T,p.V920L,EX16,6.50%,missense,7,7q36.1,snv,NM_170606.2,1312880,C,A,TA.AA,703,46,151932912,151932913,NP_733751.2
P060,180006177,TP53,c.422G>A,p.C141Y,EX5,7.70%,missense,17,17p13.1,snv,NM_000546.5,131470,C,T,GG.AG,1577,121,7578507,7578508,NP_000537.3
P060,180006177,HDAC4,c.3082_3101delTGGCGCTGCCTGCAGCGCAC,p.W1028Nfs*41,EX26,3.30%,frameshift,2,2q37.3,del,NM_006037.3,.,GTGCGCTGCAGGCAGCGCCA,.,TT.GT,1419,47,239975269,239975289,NP_006028.2
P060,180006177,EGFR,c.2573T>G,p.L858R,EX21,28.30%,missense,7,7p11.2,snv,NM_005228.3,6224,T,G,GC.GG,1372,388,55259514,55259515,NP_005219.2
P061,180006207,PIK3CB,c.644C>G,p.S215C,EX4,7.20%,missense,3,3q22.3,snv,NM_006219.2,.,G,C,GA.AC,1019,73,138456705,138456706,NP_006210.1
P061,180006207,PIK3CA,c.3140A>G,p.H1047R,EX21,1.40%,missense,3,3q26.32,snv,NM_006218.2,775,A,G,AC.TC,1009,14,178952084,178952085,NP_006209.2
P061,180006207,EGFR,c.2573T>G,p.L858R,EX21,31.30%,missense,7,7p11.2,snv,NM_005228.3,6224,T,G,GC.GG,2004,627,55259514,55259515,NP_005219.2
P061,180006207,RB1,c.1333C>T,p.R445*,EX14,23.60%,nonsense,13,13q14.2,snv,NM_000321.2,1367224,C,T,AG.GA,813,192,48953729,48953730,NP_000312.2
P061,180006207,TP53,c.97-2A>T,.,IVS3,44.00%,splice-3,17,17p13.1,snv,NM_000546.5,131532,T,A,AC.GT,1075,473,7579591,7579592,NP_000537.3
P061,180006207,RIT1,c.491C>G,p.S164C,EX6,2.40%,missense,1,1q22,snv,NM_006912.5,.,G,C,CA.AT,590,14,155870347,155870348,NP_008843.1
P062,180006410,EPAS1,c.886_886+1delTG,.,EX7-IVS7,2.90%,span,2,2p21,del,NM_001430.4,.,TG,.,AC.TG,451,13,46597071,46597073,NP_001421.2
P062,180006410,EGFR,c.2236_2250delGAATTAAGAGAAGCA,p.E746_A750del,EX19,55.10%,cds-del,7,7p11.2,del,NM_005228.3,6225,GAATTAAGAGAAGCA,.,AG.AC,4155,2290,55242465,55242480,NP_005219.2
P062,180006410,RB1,c.19C>T,p.R7*,EX1,11.30%,nonsense,13,13q14.2,snv,NM_000321.2,.,C,T,CC.GA,1723,195,48878066,48878067,NP_000312.2
P062,180006410,TP53,c.832C>T,p.P278S,EX8,22.70%,missense,17,17p13.1,snv,NM_000546.5,10939,G,A,AG.AC,913,207,7577105,7577106,NP_000537.3
P063,180000163,EGFR,c.2573T>G,p.L858R,EX21,6.30%,missense,7,7p11.2,snv,NM_005228.3,6224,T,G,GC.GG,2869,182,55259514,55259515,NP_005219.2
P063,180000163,GAB2,c.1907C>T,p.T636I,EX10,4.10%,missense,11,11q14.1,snv,NM_080491.2,.,G,A,AG.TG,1838,75,77930441,77930442,NP_536739.1
P064,180010347,EGFR,c.2573T>G,p.L858R,EX21,30.50%,missense,7,7p11.2,snv,NM_005228.3,6224,T,G,GC.GG,551,168,55259514,55259515,NP_005219.2
P064,180010347,TP53,c.282_291delATCTTCTGTC,p.S95Lfs*25,EX4,1.90%,frameshift,17,17p13.1,del,NM_000546.5,.,GACAGAAGAT,.,GG.GA,368,7,7579395,7579405,NP_000537.3
P064,180010347,RBM10,c.1146G[5>6],p.A384Gfs*62,EX10,5.40%,frameshift,X,Xp11.23,ins,NM_001204468.1,.,.,G,CT.GG,349,19,47039327,47039327,NP_001191397.1
P065,180006232,EGFR,c.2573T>G,p.L858R,EX21,8.40%,missense,7,7p11.2,snv,NM_005228.3,6224,T,G,GC.GG,1109,93,55259514,55259515,NP_005219.2
P065,180006232,PTEN,c.618delC,p.F206Lfs*15,EX6,1.90%,frameshift,10,10q23.31,del,NM_000314.4,.,C,.,TT.AG,744,14,89711999,89712000,NP_000305.3
P066,180010369,MED12,c.4109C>A,p.T1370N,EX29,13.80%,missense,X,Xq13.1,snv,NM_005120.2,.,C,A,GA.CC,702,97,70351460,70351461,NP_005111.2
P066,180010369,ABCB1,c.1265C>T,p.T422M,EX13,18.90%,missense,7,7q21.12,snv,NM_000927.4,.,G,A,CC.TC,567,107,87179571,87179572,NP_000918.2
P066,180010369,CDKN2A,c.158dupT,p.M53Ifs*67,EX2,30.80%,frameshift,9,9p21.3,ins,NM_000077.4,.,.,A,TC.AT,494,152,21971199,21971199,NP_000068.1
P066,180010369,PTEN,c.95T[2>1],p.I33Lfs*21,EX2,47.10%,frameshift,10,10q23.31,del,NM_000314.4,.,T,.,CA.TA,484,228,89653796,89653797,NP_000305.3
P066,180010369,TMPRSS2,c.384G[4>6],p.T130Gfs*27,EX4,26.80%,frameshift,21,21q22.3,ins,NM_001135099.1,.,.,CC,GT.CC,1065,285,42861482,42861482,NP_001128571.1
P066,180010369,RBM10,c.2739_2748delCGAGCAGCCT,p.F913Lfs*35,EX23,20.90%,frameshift,X,Xp11.23,del,NM_001204468.1,.,TCGAGCAGCC,.,CT.TA,995,208,47045661,47045671,NP_001191397.1
P066,180010369,MSN,c.1577C>A,p.T526N,EX13E,7.70%,missense,X,Xq12,snv,NM_002444.2,.,C,A,CA.TT,323,25,64959597,64959598,NP_002435.1
P066,180010369,EGFR,c.2236_2250delGAATTAAGAGAAGCA,p.E746_A750del,EX19,32.40%,cds-del,7,7p11.2,del,NM_005228.3,6225,GAATTAAGAGAAGCA,.,AG.AC,1190,386,55242465,55242480,NP_005219.2
P067,180012523,CTNNB1,c.134C>T,p.S45F,EX3,9.10%,missense,3,3p22.1,snv,NM_001904.3,5667,C,T,TT.TC,438,40,41266136,41266137,NP_001895.1
P067,180012523,EGFR,c.2236_2250delGAATTAAGAGAAGCA,p.E746_A750del,EX19,9.50%,cds-del,7,7p11.2,del,NM_005228.3,6225,GAATTAAGAGAAGCA,.,AG.AC,787,75,55242465,55242480,NP_005219.2
P067,180012523,IRS2,c.619C>G,p.L207V,EX1,6.90%,missense,13,13q34,snv,NM_003749.2,.,G,C,CA.AC,983,68,110437781,110437782,NP_003740.2
P067,180012523,TSC2,c.2608_2615delGCCATCTC,p.A870Pfs*10,EX23,11.20%,frameshift,16,16p13.3,del,NM_000548.3,.,TCGCCATC,.,GT.TC,902,101,2125859,2125867,NP_000539.2
P067,180012523,CYP2D6,c.364G>T,p.A122S,EX3,4.40%,missense,22,22q13.2,snv,NM_000106.5,4675952,C,A,CG.CA,478,21,42525175,42525176,NP_000097.3
P068,180012595,CBL,c.1199T>A,p.M400K,EX8,2.20%,missense,11,11q23.3,snv,NM_005188.3,.,T,A,CA.GT,678,15,119148978,119148979,NP_005179.2
P068,180012595,FANCA,c.3402C>A,p.F1134L,EX34,6.30%,missense,16,16q24.3,snv,NM_000135.2,.,G,T,AA.AA,838,53,89813244,89813245,NP_000126.2
P068,180012595,TP53,c.1034_1037delATGA,p.N345Rfs*24,EX10,26.40%,frameshift,17,17p13.1,del,NM_000546.5,.,TCAT,.,CC.TC,1203,318,7573989,7573993,NP_000537.3
P068,180012595,JAK3,c.2287G>A,p.E763K,EX17,6.00%,missense,19,19p13.11,snv,NM_000215.3,.,C,T,CT.AT,1133,68,17945442,17945443,NP_000206.2
P068,180012595,LRP1B,c.12779G>C,p.G4260A,EX83,7.00%,missense,2,2q22.1,snv,NM_018557.2,.,C,G,CT.CA,676,47,141072529,141072530,NP_061027.2
P068,180012595,MED12,c.6040C>T,p.Q2014*,EX41,3.70%,nonsense,X,Xq13.1,snv,NM_005120.2,.,C,T,CT.AA,736,27,70357788,70357789,NP_005111.2
P068,180012595,POM121L12,c.425C>T,p.A142V,EX1E,25.50%,missense,7,7p12.1,snv,NM_182595.3,224940,C,T,CG.GC,530,135,53103788,53103789,NP_872401.3
P068,180012595,EGFR,c.2573T>G,p.L858R,EX21,25.70%,missense,7,7p11.2,snv,NM_005228.3,6224,T,G,GC.GG,1138,292,55259514,55259515,NP_005219.2
P068,180012595,LRP6,c.2917G>A,p.D973N,EX13,6.40%,missense,12,12p13.2,snv,NM_002336.2,.,C,T,GT.AT,783,50,12303846,12303847,NP_002327.2
P069,180012588,ATR,c.3806A>G,p.Q1269R,EX20,2.50%,missense,3,3q23,snv,NM_001184.3,250846,T,C,CC.GG,800,20,142254962,142254963,NP_001175.2
P069,180012588,CDH23,c.7560G>C,p.E2520D,EX54,3.90%,missense,10,10q22.1,snv,NM_022124.5,.,G,C,GA.AA,1025,40,73562731,73562732,NP_071407.4
P069,180012588,DICER1,c.1188A>C,p.E396D,EX9,3.50%,missense,14,14q32.13,snv,NM_030621.3,.,T,G,CT.TC,1876,66,95590720,95590721,NP_085124.2
P069,180012588,CDKN2C,c.90C>A,p.N30K,EX1,1.80%,missense,1,1p32.3,snv,NM_078626.2,.,C,A,AA.GT,1739,32,51436129,51436130,NP_523240.1
P069,180012588,HIST1H2AG,c.310G>A,p.A104T,EX1E,1.90%,missense,6,6p22.1,snv,NM_021064.4,1076875,G,A,TC.CA,1234,23,27101159,27101160,NP_066408.1
P069,180012588,DDR1,c.637_638delTC,p.S213Hfs*3,EX8,1.10%,frameshift,6,6p21.33,del,NM_001954.4,.,CT,.,GA.CC,889,10,30859226,30859228,NP_001945.3
P069,180012588,TGFBR2,c.1658G>A,p.R553H,EX8E,2.50%,missense,3,3p24.1,snv,NM_001024847.2,33076,G,A,CC.TC,1850,46,30732969,30732970,NP_001020018.1
P069,180012588,CDKN1A,c.251G>A,p.R84Q,EX3,3.10%,missense,6,6p21.2,snv,NM_078467.2,3738068,G,A,GC.AG,2024,63,36652128,36652129,NP_510867.1
P069,180012588,TP53,c.526T>G,p.C176G,EX5,8.60%,missense,17,17p13.1,snv,NM_000546.5,220757,A,C,GC.GC,1941,166,7578403,7578404,NP_000537.3
P069,180012588,EGFR,c.2237_2251delAATTAAGAGAAGCAA,p.E746_T751delinsA,EX19,10.90%,cds-indel,7,7p11.2,del,NM_005228.3,12678,AATTAAGAGAAGCAA,.,GG.CA,2681,293,55242466,55242481,NP_005219.2
P069,180012588,MAP2K2,c.578G>A,p.R193Q,EX5,3.60%,missense,19,19p13.3,snv,NM_030662.3,.,C,T,CT.GG,1849,67,4101228,4101229,NP_109587.1
P069,180012588,CTNNB1,c.110C>T,p.S37F,EX3,3.10%,missense,3,3p22.1,snv,NM_001904.3,5662,C,T,TT.TG,1296,40,41266112,41266113,NP_001895.1
P069,180012588,MET,c.3029-798G>A,.,IVS14,5.00%,intron,7,7q31.2,snv,NM_000245.2,.,G,A,AA.GG,1842,93,116414136,116414137,NP_000236.2
P069,180012588,ARID2,c.5488G>C,p.D1830H,EX21E,4.00%,missense,12,12q12,snv,NM_152641.2,.,G,C,AA.AC,1491,60,46298840,46298841,NP_689854.2
P070,180016512,RAD50,c.2230G>A,p.E744K,EX14,2.60%,missense,5,5q31.1,snv,NM_005732.3,.,G,A,AG.AG,1660,43,131939013,131939014,NP_005723.2
P070,180016512,IRS2,c.1748G>T,p.R583L,EX1,13.10%,missense,13,13q34,snv,NM_003749.2,.,C,A,GC.GG,2023,266,110436652,110436653,NP_003740.2
P070,180016512,RARA,c.110C>A,p.P37Q,EX2,30.80%,missense,17,17q21.2,snv,NM_000964.3,.,C,A,CC.GC,3075,948,38487579,38487580,NP_000955.1
P070,180016512,CDA,c.208G>A,p.A70T,EX2,12.20%,missense,1,1p36.12,snv,NM_001785.2,4599474,G,A,CC.CT,1692,207,20931473,20931474,NP_001776.1
P070,180016512,PTEN,c.828T>A,p.N276K,EX8,14.20%,missense,10,10q23.31,snv,NM_000314.4,.,T,A,AA.AC,2017,286,89720676,89720677,NP_000305.3
P070,180016512,BRD4,c.2315_2316delAGinsTT,p.Q772L,EX13,8.90%,missense,19,19p13.12,delins,NM_058243.2,.,CT,AA,tg.gc,1141,101,15355306,15355308,NP_490597.1
P070,180016512,MNDA,c.613A>T,p.N205Y,EX5,26.30%,missense,1,1q23.1,snv,NM_002432.1,.,A,T,GA.AT,2051,539,158815418,158815419,NP_002423.1
P070,180016512,CCND2,c.112C>A,p.L38I,EX1,14.40%,missense,12,12p13.32,snv,NM_001759.3,.,C,A,AC.TT,3202,460,4383317,4383318,NP_001750.1
P070,180016512,ASXL1,c.2277C>G,p.C759W,EX13E,9.90%,missense,20,20q11.21,snv,NM_015338.5,.,C,G,TG.CA,2489,246,31022791,31022792,NP_056153.2
P070,180016512,LRP1B,c.12571G>A,p.G4191R,EX82,8.80%,missense,2,2q22.1,snv,NM_018557.2,.,C,T,CC.AG,1843,163,141079600,141079601,NP_061027.2
P070,180016512,IDH1,c.850G>T,p.G284W,EX7,8.70%,missense,2,2q34,snv,NM_005896.2,.,C,A,AC.TT,1924,168,209106717,209106718,NP_005887.2
P070,180016512,MLL2,c.14446G>A,p.E4816K,EX46,1.50%,missense,12,12q13.12,snv,NM_003482.3,.,C,T,CT.AT,2425,36,49421860,49421861,NP_003473.3
P070,180016512,TP53,c.743G>T,p.R248L,EX7,26.70%,missense,17,17p13.1,snv,NM_000546.5,1646857,C,A,TC.GG,2689,719,7577537,7577538,NP_000537.3
P070,180016512,FAT1,c.12415G>T,p.G4139W,EX25,10.50%,missense,4,4q35.2,snv,NM_005245.3,.,C,A,CC.GT,1906,200,187518278,187518279,NP_005236.2
P070,180016512,EGFR,c.2573T>G,p.L858R,EX21,18.20%,missense,7,7p11.2,snv,NM_005228.3,6224,T,G,GC.GG,2179,397,55259514,55259515,NP_005219.2
P071,180016499,GRIN2A,c.1492G>A,p.G498S,EX6,5.10%,missense,16,16p13.2,snv,NM_001134407.1,5479243,C,T,AC.GA,1990,102,9934797,9934798,NP_001127879.1
P071,180016499,PTCH2,c.1142C>T,p.T381I,EX9,7.10%,missense,1,1p34.1,snv,NM_001166292.1,.,G,A,TG.TG,2495,178,45295146,45295147,NP_001159764.1
P071,180016499,TP53,c.844C>T,p.R282W,EX8,7.40%,missense,17,17p13.1,snv,NM_000546.5,10704,G,A,CC.GT,1839,136,7577093,7577094,NP_000537.3
P071,180016499,APC,c.4661A[6>7],p.T1556Nfs*3,EX16E,8.60%,frameshift,5,5q22.2,ins,NM_000038.5,19695,.,A,AG.AA,1972,170,112175951,112175951,NP_000029.2
P071,180016499,EGFR,c.2573T>G,p.L858R,EX21,16.20%,missense,7,7p11.2,snv,NM_005228.3,6224,T,G,GC.GG,1920,311,55259514,55259515,NP_005219.2
P071,180016499,ABCC11,c.1523C>T,p.T508I,EX11,12.90%,missense,16,16q12.1,snv,NM_032583.3,.,G,A,TG.TC,1336,172,48244943,48244944,NP_115972.2
P072,180006218,LRP1B,c.8385_8386delCAinsAC,p.T2796P,EX52,1.30%,missense,2,2q22.1,delins,NM_018557.2,.,TG,GT,TG.GA,877,11,141267508,141267510,NP_061027.2
P072,180006218,CDH23,c.3869C>T,p.P1290L,EX32,9.20%,missense,10,10q22.1,snv,NM_022124.5,.,C,T,CC.GC,1314,121,73491896,73491897,NP_071407.4
P072,180006218,HCN1,c.2527C>T,p.R843*,EX8,1.60%,nonsense,5,5p12,snv,NM_021072.3,5344947,G,A,TC.GA,1044,17,45262168,45262169,NP_066550.2
P072,180006218,TP53,c.659A>G,p.Y220C,EX6,50.40%,missense,17,17p13.1,snv,NM_000546.5,10758,T,C,CA.AG,770,388,7578189,7578190,NP_000537.3
P072,180006218,NSD1,c.3719C>T,p.S1240F,EX5,3.10%,missense,5,5q35.3,snv,NM_022455.4,.,C,T,AT.CA,1079,33,176639118,176639119,NP_071900.2
P072,180006218,PPM1D,c.935G>T,p.G312V,EX4,7.50%,missense,17,17q23.2,snv,NM_003620.3,.,G,T,GG.GA,597,45,58725360,58725361,NP_003611.1
P072,180006218,EGFR,c.2240_2257delTAAGAGAAGCAACATCTC,p.L747_P753delinsS,EX19,36.90%,cds-indel,7,7p11.2,del,NM_005228.3,12370,TAAGAGAAGCAACATCTC,.,AT.CG,1946,718,55242469,55242487,NP_005219.2
P072,180006218,DNMT3A,c.1135C>A,p.R379S,EX10,1.30%,missense,2,2p23.3,snv,NM_022552.4,.,G,T,GC.GC,1479,19,25469632,25469633,NP_072046.2
P072,180006218,MLL3,c.10573G>A,p.G3525R,EX43,4.30%,missense,7,7q36.1,snv,NM_170606.2,.,C,T,TC.AA,1351,58,151860088,151860089,NP_733751.2
P072,180006218,CBLB,c.1529G>A,p.R510H,EX11,1.40%,missense,3,3q13.11,snv,NM_170662.3,.,C,T,GG.GA,692,10,105422895,105422896,NP_733762.2
P072,180006218,AKT1,c.534G>A,p.M178I,EX6,4.90%,missense,14,14q32.33,snv,NM_001014431.1,.,C,T,TT.AT,1854,90,105241445,105241446,NP_001014431.1
P073,180016442,CTNNB1,c.88_99delTACCTGGACTCT,p.Y30_S33del,EX3,4.40%,cds-del,3,3p22.1,del,NM_001904.3,.,TCTTACCTGGAC,.,AG.TC,1042,46,41266087,41266099,NP_001895.1
P073,180016442,HIST1H2BC,c.165CT[2>1],p.S56Ffs*12,EX1E,8.70%,frameshift,6,6p22.2,del,NM_003526.2,.,AG,.,GA.AG,874,76,26123964,26123966,NP_003517.2
P073,180016442,EGFR,c.2240_2257delTAAGAGAAGCAACATCTC,p.L747_P753delinsS,EX19,26.40%,cds-indel,7,7p11.2,del,NM_005228.3,12370,TAAGAGAAGCAACATCTC,.,AT.CG,3437,907,55242469,55242487,NP_005219.2
P073,180016442,MLH3,c.2763G>A,p.M921I,EX2,2.80%,missense,14,14q24.3,snv,NM_001040108.1,.,C,T,AA.AT,1849,51,75513595,75513596,NP_001035197.1
P073,180016442,FAT2,c.5933A>C,p.K1978T,EX9,5.00%,missense,5,5q33.1,snv,NM_001447.2,.,T,G,CC.TC,1865,94,150924754,150924755,NP_001438.1
P073,180016442,TP53,c.742C>T,p.R248W,EX7,30.50%,missense,17,17p13.1,snv,NM_000546.5,10656,G,A,CC.GT,2445,746,7577538,7577539,NP_000537.3
P074,190001997,BTK,c.457C>T,p.L153F,EX6,13.10%,missense,X,Xq22.1,snv,NM_000061.2,.,G,A,GA.AT,662,87,100617611,100617612,NP_000052.1
P074,190001997,MAP3K1,c.3910C>G,p.P1304A,EX16,7.20%,missense,5,5q11.2,snv,NM_005921.1,.,C,G,AT.CA,694,50,56180580,56180581,NP_005912.1
P074,190001997,EGFR,c.2573T>G,p.L858R,EX21,58.60%,missense,7,7p11.2,snv,NM_005228.3,6224,T,G,GC.GG,1523,893,55259514,55259515,NP_005219.2
P074,190001997,CBL,c.2041C>T,p.L681F,EX13,11.10%,missense,11,11q23.3,snv,NM_005188.3,.,C,T,CT.TT,566,63,119167631,119167632,NP_005179.2
P074,190001997,TP53,c.898C[5>6],p.G302Rfs*4,EX8,33.90%,frameshift,17,17p13.1,ins,NM_000546.5,5132148,.,G,CT.GG,749,254,7577035,7577035,NP_000537.3
P075,190009846,EGFR,c.2235_2249delGGAATTAAGAGAAGC,p.E746_A750del,EX19,44.70%,cds-del,7,7p11.2,del,NM_005228.3,6223,GGAATTAAGAGAAGC,.,AA.AA,114,51,55242464,55242479,NP_005219.2
P075,190009846,TP53,c.537T>G,p.H179Q,EX5,48.10%,missense,17,17p13.1,snv,NM_000546.5,11249,A,C,TC.TG,104,50,7578392,7578393,NP_000537.3
P076,180016262,DNMT3A,c.1885G>T,p.E629*,EX16,8.40%,nonsense,2,2p23.3,snv,NM_022552.4,.,C,A,CT.AG,1495,126,25466817,25466818,NP_072046.2
P076,180016262,TP53,c.396G>T,p.K132N,EX5,14.60%,missense,17,17p13.1,snv,NM_000546.5,10991,C,A,AT.TT,1578,230,7578533,7578534,NP_000537.3
P076,180016262,PMS2,c.520C>G,p.Q174E,EX5,8.60%,missense,7,7p22.1,snv,NM_000535.5,.,G,C,TT.AA,1073,92,6042100,6042101,NP_000526.1
P076,180016262,EGFR,c.2573T>G,p.L858R,EX21,15.90%,missense,7,7p11.2,snv,NM_005228.3,6224,T,G,GC.GG,1687,269,55259514,55259515,NP_005219.2
P076,180016262,GATA3,c.1068G>A,p.M356I,EX6E,8.00%,missense,10,10p14,snv,NM_002051.2,.,G,A,AT.AA,1879,150,8115721,8115722,NP_002042.1
P076,180016262,RET,c.2074G>T,p.A692S,EX11,7.70%,missense,10,10q11.21,snv,NM_020975.4,.,G,T,GT.CC,2120,163,43610121,43610122,NP_066124.1
P076,180016262,RB1,c.1306delC,p.Q436Rfs*21,EX13,11.30%,frameshift,13,13q14.2,del,NM_000321.2,.,C,.,GA.AG,665,75,48951143,48951144,NP_000312.2
P076,180016262,FANCM,c.1337G>T,p.S446I,EX8,8.40%,missense,14,14q21.2,snv,NM_020937.2,.,G,T,TA.TC,273,23,45624602,45624603,NP_065988.1
P076,180016262,FOXL2,c.439C>T,p.R147C,EX1E,5.30%,missense,3,3q22.3,snv,NM_023067.3,.,G,A,GC.GC,2144,113,138665125,138665126,NP_075555.1
P076,180016262,SMAD4,c.249+1_249+13delGTTAGTCTTATAA,.,IVS2,5.60%,splice-5,18,18q21.2,del,NM_005359.5,.,GTTAGTCTTATAA,.,AG.GA,522,29,48573665,48573678,NP_005350.1
P077,180016272,SMO,c.2065C>T,p.P689S,EX12E,19.50%,missense,7,7q32.1,snv,NM_005631.4,.,C,T,CC.CT,226,44,128851992,128851993,NP_005622.1
P077,180016272,BARD1,c.682G>T,p.E228*,EX4,16.20%,nonsense,2,2q35,snv,NM_000465.2,.,C,A,TT.AC,37,6,215645915,215645916,NP_000456.2
P077,180016272,PPARG,c.130_131delGGinsTT,p.G44L,EX2,11.00%,missense,3,3p25.2,delins,NM_015869.4,.,GG,TT,TT.GA,73,8,12421249,12421251,NP_056953.2
P077,180016272,CTNNB1,c.110C>T,p.S37F,EX3,9.50%,missense,3,3p22.1,snv,NM_001904.3,5662,C,T,TT.TG,74,7,41266112,41266113,NP_001895.1
P077,180016272,CYLD,c.2823G>T,p.M941I,EX18E,15.30%,missense,16,16q12.1,snv,NM_001042355.1,.,G,T,AT.TG,72,11,50830379,50830380,NP_001035814.1
P077,180016272,TP53,c.535C>A,p.H179N,EX5,26.00%,missense,17,17p13.1,snv,NM_000546.5,326727,G,T,AT.GT,250,65,7578394,7578395,NP_000537.3
P077,180016272,EGFR,c.2573T>G,p.L858R,EX21,25.30%,missense,7,7p11.2,snv,NM_005228.3,6224,T,G,GC.GG,178,45,55259514,55259515,NP_005219.2
P077,180016272,PAX5,c.601G>A,p.E201K,EX5,9.20%,missense,9,9p13.2,snv,NM_016734.1,.,C,T,TT.GT,174,16,37002647,37002648,NP_057953.1
P078,180016265,TJP1,c.3241G>A,p.E1081K,EX21,30.30%,missense,15,15q13.1,snv,NM_003257.3,.,C,T,TT.GT,366,111,30011104,30011105,NP_003248.3
P078,180016265,NSD1,c.2825G>T,p.G942V,EX5,36.30%,missense,5,5q35.3,snv,NM_022455.4,.,G,T,TG.GG,1051,382,176638224,176638225,NP_071900.2
P078,180016265,SMAD4,c.988G>A,p.E330K,EX9,29.70%,missense,18,18q21.2,snv,NM_005359.5,14169,G,A,TT.AA,266,79,48591824,48591825,NP_005350.1
P078,180016265,HIST1H2BJ,c.194C>T,p.S65L,EX1E,18.70%,missense,6,6p22.1,snv,NM_021058.3,.,G,A,AC.AA,502,94,27100335,27100336,NP_066402.2
P078,180016265,EGFR,c.866C>T,p.A289V,EX7,23.40%,missense,7,7p11.2,snv,NM_005228.3,1559811,C,T,TG.CA,1459,341,55221821,55221822,NP_005219.2
P078,180016265,EGFR,c.2573T>G,p.L858R,EX21,23.20%,missense,7,7p11.2,snv,NM_005228.3,6224,T,G,GC.GG,1141,265,55259514,55259515,NP_005219.2
P078,180016265,EXT1,c.1088G>A,p.G363E,EX3,19.80%,missense,8,8q24.11,snv,NM_000127.2,.,C,T,AT.CA,582,115,118847758,118847759,NP_000118.2
P078,180016265,RAD51B,c.710G>C,p.R237T,EX7,3.10%,missense,14,14q24.1,snv,NM_133509.3,.,G,C,AA.AG,322,10,68353874,68353875,NP_598193.2
P078,180016265,MTOR,c.6862G>C,p.E2288Q,EX49,16.60%,missense,1,1p36.22,snv,NM_004958.3,.,C,G,CT.AA,1236,205,11181373,11181374,NP_004949.1
P078,180016265,TP53,c.281C>A,p.S94*,EX4,28.90%,nonsense,17,17p13.1,snv,NM_000546.5,1386891,G,T,AT.AC,1215,351,7579405,7579406,NP_000537.3
P079,180000056,SMAD4,c.1067C>T,p.P356L,EX9,16.10%,missense,18,18q21.2,snv,NM_005359.5,14049,C,T,CC.TT,957,154,48591903,48591904,NP_005350.1
P079,180000056,EGFR,c.2573T>G,p.L858R,EX21,25.80%,missense,7,7p11.2,snv,NM_005228.3,6224,T,G,GC.GG,1828,472,55259514,55259515,NP_005219.2
P079,180000056,HSPH1,c.2545G>A,p.E849K,EX18E,13.60%,missense,13,13q12.3,snv,NM_006644.2,.,C,T,CT.AT,324,44,31711486,31711487,NP_006635.2
P080,180000052,FLNC,c.3G>A,p.0?,EX1,18.10%,init-loss,7,7q32.1,snv,NM_001458.4,.,G,A,AT.AT,669,121,128470693,128470694,NP_001449.3
P080,180000052,GRIN2A,c.4208C>T,p.S1403L,EX13E,12.60%,missense,16,16p13.2,snv,NM_001134407.1,3513416,G,A,AC.AC,1843,232,9857192,9857193,NP_001127879.1
P080,180000052,TP53,c.405C>A,p.C135*,EX5,12.50%,nonsense,17,17p13.1,snv,NM_000546.5,44319,G,T,TG.CA,1840,230,7578524,7578525,NP_000537.3
P080,180000052,NOTCH3,c.6293C>T,p.T2098M,EX33E,6.70%,missense,19,19p13.12,snv,NM_000435.2,.,G,A,GC.TG,2609,175,15272145,15272146,NP_000426.2
P080,180000052,BMPR2,c.775C>T,p.R259C,EX6,4.30%,missense,2,2q33.2,snv,NM_001204.6,.,C,T,CC.GC,488,21,203383697,203383698,NP_001195.2
P080,180000052,ERCC2,c.958C>T,p.P320S,EX11,5.90%,missense,19,19q13.32,snv,NM_000400.3,.,G,A,AG.CA,746,44,45867160,45867161,NP_000391.1
P080,180000052,RBM10,c.1213C>T,p.Q405*,EX10,26.50%,nonsense,X,Xp11.23,snv,NM_001204468.1,.,C,T,CC.AA,1134,301,47039394,47039395,NP_001191397.1
P080,180000052,EGFR,c.2573T>G,p.L858R,EX21,22.00%,missense,7,7p11.2,snv,NM_005228.3,6224,T,G,GC.GG,1757,386,55259514,55259515,NP_005219.2
P080,180000052,KDM5C,c.2580delG,p.M860Ifs*75,EX18,12.10%,frameshift,X,Xp11.22,del,NM_004187.3,.,C,.,TT.AT,653,79,53226994,53226995,NP_004178.2
P081,180016255,CTNNB1,c.1967C>T,p.A656V,EX13,10.60%,missense,3,3p22.1,snv,NM_001904.3,.,C,T,AG.TG,1619,171,41278090,41278091,NP_001895.1
P081,180016255,WT1,c.1460C>A,p.P487Q,EX10E,22.00%,missense,11,11p13,snv,NM_024426.4,.,G,T,TT.GC,1880,413,32410697,32410698,NP_077744.3
P081,180016255,TP53,c.658T>C,p.Y220H,EX6,30.10%,missense,17,17p13.1,snv,NM_000546.5,1172476,A,G,AT.GG,1526,460,7578190,7578191,NP_000537.3
P081,180016255,EGFR,c.2271G>C,p.K757N,EX19,78.20%,missense,7,7p11.2,snv,NM_005228.3,.,G,C,AA.GA,10899,8523,55242500,55242501,NP_005219.2
P081,180016255,EGFR,c.2573T>G,p.L858R,EX21,78.10%,missense,7,7p11.2,snv,NM_005228.3,6224,T,G,GC.GG,8178,6389,55259514,55259515,NP_005219.2
P081,180016255,POT1,c.417G>T,p.W139C,EX8,10.00%,missense,7,7q31.33,snv,NM_015450.2,.,C,A,GC.CA,1930,193,124503532,124503533,NP_056265.2
P081,180016255,HOXA3,c.430C>A,p.P144T,EX3,33.50%,missense,7,7p15.2,snv,NM_153631.2,.,G,T,GG.GC,1927,645,27149829,27149830,NP_705895.1
P082,180016854,IL7R,c.273A>G,p.I91M,EX3,10.80%,missense,5,5p13.2,snv,NM_002185.3,.,A,G,AT.TA,166,18,35867458,35867459,NP_002176.2
P082,180016854,EGFR,c.2573T>G,p.L858R,EX21,74.70%,missense,7,7p11.2,snv,NM_005228.3,6224,T,G,GC.GG,684,511,55259514,55259515,NP_005219.2
P082,180016854,TP53,c.578A>T,p.H193L,EX6,14.40%,missense,17,17p13.1,snv,NM_000546.5,11066,T,A,GA.GC,202,29,7578270,7578271,NP_000537.3
P082,180016854,SPSB4,c.571A>C,p.I191L,EX2,12.90%,missense,3,3q23,snv,NM_080862.1,.,A,C,TC.TC,163,21,140785516,140785517,NP_543138.1
P083,180016857,FAT2,c.8767G>A,p.E2923K,EX9,5.10%,missense,5,5q33.1,snv,NM_001447.2,3410012,C,T,TT.GC,1066,54,150921920,150921921,NP_001438.1
P083,180016857,ZFP36L1,c.653G>A,p.R218H,EX3E,9.00%,missense,14,14q24.1,snv,NM_001244701.1,.,C,T,GG.GG,2198,197,69256820,69256821,NP_001231630.1
P083,180016857,TP53,c.973G>T,p.G325*,EX9,22.80%,nonsense,17,17p13.1,snv,NM_000546.5,307331,C,A,TC.AT,935,213,7576872,7576873,NP_000537.3
P083,180016857,EGFR,c.2235_2249delGGAATTAAGAGAAGC,p.E746_A750del,EX19,45.10%,cds-del,7,7p11.2,del,NM_005228.3,6223,GGAATTAAGAGAAGC,.,AA.AA,2908,1312,55242464,55242479,NP_005219.2
P084,180016846,LRP1B,c.2396G>A,p.R799Q,EX15,8.60%,missense,2,2q22.1,snv,NM_018557.2,3117550,C,T,CT.GG,1806,155,141763010,141763011,NP_061027.2
P084,180016846,ERBB2,c.3340G>A,p.E1114K,EX26,10.50%,missense,17,17q12,snv,NM_004448.2,.,G,A,GT.AG,2739,287,37883727,37883728,NP_004439.2
P084,180016846,RBM10,c.2374G>T,p.G792*,EX20,30.30%,nonsense,X,Xp11.23,snv,NM_001204468.1,.,G,T,GA.GA,1685,510,47044852,47044853,NP_001191397.1
P084,180016846,TP53,c.743G>A,p.R248Q,EX7,10.10%,missense,17,17p13.1,snv,NM_000546.5,10662,C,T,TC.GG,2318,235,7577537,7577538,NP_000537.3
P084,180016846,RNASEL,c.904_905delGGinsTT,p.G302L,EX2,8.40%,missense,1,1q25.3,delins,NM_021133.3,.,CC,AA,CC.AC,2379,200,182555036,182555038,NP_066956.1
P084,180016846,EGFR,c.2573T>G,p.L858R,EX21,80.90%,missense,7,7p11.2,snv,NM_005228.3,6224,T,G,GC.GG,8696,7037,55259514,55259515,NP_005219.2
P084,180016846,EXT2,c.1540A>G,p.T514A,EX10,9.20%,missense,11,11p11.2,snv,NM_207122.1,.,A,G,GG.CT,1466,135,44228386,44228387,NP_997005.1
P084,180016846,MAP2K4,c.115+2T>A,.,IVS1,10.50%,splice-5,17,17p12,snv,NM_003010.2,.,T,A,GG.AA,1421,149,11924319,11924320,NP_003001.1
P084,180016846,KLB,c.915C>G,p.I305M,EX2,9.60%,missense,4,4p14,snv,NM_175737.3,.,C,G,AT.GA,1537,147,39435918,39435919,NP_783864.1
P084,180016846,MLL,c.11002C>A,p.P3668T,EX30,4.60%,missense,11,11q23.3,snv,NM_001197104.1,.,C,A,AA.CC,1931,89,118380763,118380764,NP_001184033.1
P084,180016846,CNTNAP1,c.1162C>T,p.R388C,EX8,7.80%,missense,17,17q21.2,snv,NM_003632.2,.,C,T,TT.GC,1151,90,40839854,40839855,NP_003623.1
P085,180016844,EGFR,c.2236_2250delGAATTAAGAGAAGCA,p.E746_A750del,EX19,67.60%,cds-del,7,7p11.2,del,NM_005228.3,6225,GAATTAAGAGAAGCA,.,AG.AC,8612,5826,55242465,55242480,NP_005219.2
P085,180016844,RB1,c.1402T[2>1],p.L468Yfs*10,EX15,35.30%,frameshift,13,13q14.2,del,NM_000321.2,.,T,.,GA.TA,232,82,48954200,48954201,NP_000312.2
P085,180016844,FAT1,c.2686G>A,p.E896K,EX2,5.10%,missense,4,4q35.2,snv,NM_005245.3,.,C,T,CT.AA,1478,75,187628295,187628296,NP_005236.2
P085,180016844,NSD1,c.1570G>C,p.E524Q,EX5,1.90%,missense,5,5q35.3,snv,NM_022455.4,.,G,C,AT.AA,1436,27,176636969,176636970,NP_071900.2
P085,180016844,AR,c.171GCA[23>21],p.Q58[23>21],EX1,2.80%,cds-del,X,Xq12,del,NM_000044.3,1723851,GCAGCA,.,CT.gc,1110,31,66765158,66765164,NP_000035.2
P086,180023993,FANCM,c.2132CTT[2>1],p.S711[2>1],EX12,2.70%,cds-del,14,14q21.2,del,NM_020937.2,.,TTC,.,TT.TT,675,18,45639918,45639921,NP_065988.1
P086,180023993,STAT3,c.1024G>T,p.G342C,EX10,15.40%,missense,17,17q21.2,snv,NM_139276.2,.,C,A,GC.GG,975,150,40485715,40485716,NP_644805.1
P086,180023993,BCL2L1,c.171G>A,p.W57*,EX2,1.20%,nonsense,20,20q11.21,snv,NM_138578.1,.,C,T,TG.CA,1691,20,30309850,30309851,NP_612815.1
P086,180023993,EGFR,c.2235_2249delGGAATTAAGAGAAGC,p.E746_A750del,EX19,32.80%,cds-del,7,7p11.2,del,NM_005228.3,6223,GGAATTAAGAGAAGC,.,AA.AA,2560,839,55242464,55242479,NP_005219.2
P086,180023993,TP53,c.745A>T,p.R249W,EX7,18.60%,missense,17,17p13.1,snv,NM_000546.5,1646860,T,A,CC.CC,1468,273,7577535,7577536,NP_000537.3
P087,180024030,EGFR,c.2573T>G,p.L858R,EX21,9.10%,missense,7,7p11.2,snv,NM_005228.3,6224,T,G,GC.GG,1104,100,55259514,55259515,NP_005219.2
P087,180024030,FLT1,c.3660G>T,p.M1220I,EX28,3.50%,missense,13,13q12.2,snv,NM_002019.4,1661875,C,A,CT.AT,434,15,28883039,28883040,NP_002010.2
P087,180024030,TP53,c.517G>T,p.V173L,EX5,3.50%,missense,17,17p13.1,snv,NM_000546.5,3723936,C,A,CA.AA,1477,52,7578412,7578413,NP_000537.3
P088,180024029,EGFR,c.2240_2257delTAAGAGAAGCAACATCTC,p.L747_P753delinsS,EX19,3.90%,cds-indel,7,7p11.2,del,NM_005228.3,12370,TAAGAGAAGCAACATCTC,.,AT.CG,2655,104,55242469,55242487,NP_005219.2
P088,180024029,PIK3R2,c.791C>T,p.P264L,EX6,2.60%,missense,19,19p13.11,snv,NM_005027.2,.,C,T,gc.gc,2120,55,18272280,18272281,NP_005018.1
P088,180024029,RBM10,c.2506A>T,p.K836*,EX20,5.10%,nonsense,X,Xp11.23,snv,NM_001204468.1,.,A,T,GC.AA,3334,170,47044984,47044985,NP_001191397.1
P089,180024004,POLE,c.6013G>C,p.V2005L,EX44,5.20%,missense,12,12q24.33,snv,NM_006231.2,.,C,G,CA.GA,1695,88,133209372,133209373,NP_006222.2
P089,180024004,EGFR,c.2235_2249delGGAATTAAGAGAAGC,p.E746_A750del,EX19,15.50%,cds-del,7,7p11.2,del,NM_005228.3,6223,GGAATTAAGAGAAGC,.,AA.AA,1744,271,55242464,55242479,NP_005219.2
P089,180024004,EXT2,c.884C>T,p.S295F,EX5,25.30%,missense,11,11p11.2,snv,NM_207122.1,.,C,T,TT.TG,1001,253,44146478,44146479,NP_997005.1
P089,180024004,ATM,c.7011T>A,p.C2337*,EX48,8.30%,nonsense,11,11q22.3,snv,NM_000051.3,.,T,A,TG.CT,527,44,108198406,108198407,NP_000042.3
P090,180029752,TP53,c.390CAA[2>1],p.N131del,EX5,5.20%,cds-del,17,17p13.1,del,NM_000546.5,1290767,TTG,.,TC.TT,1495,77,7578534,7578537,NP_000537.3
P090,180029752,EGFR,c.2573T>G,p.L858R,EX21,17.20%,missense,7,7p11.2,snv,NM_005228.3,6224,T,G,GC.GG,1568,269,55259514,55259515,NP_005219.2
P090,180029752,MLL,c.9902C>T,p.P3301L,EX27,5.80%,missense,11,11q23.3,snv,NM_001197104.1,.,C,T,AC.GG,1478,85,118376508,118376509,NP_001184033.1
P090,180029752,FANCA,c.343G>A,p.G115R,EX4,3.20%,missense,16,16q24.3,snv,NM_000135.2,.,C,T,CC.GG,1404,45,89877419,89877420,NP_000126.2
P091,190003482,MED12,c.2372-1G>T,.,IVS16,8.30%,splice-3,X,Xq13.1,snv,NM_005120.2,.,G,T,CA.AC,636,53,70345511,70345512,NP_005111.2
P091,190003482,NTRK1,c.704C>T,p.S235L,EX6,9.40%,missense,1,1q23.1,snv,NM_002529.3,.,C,T,GT.AG,1933,182,156838425,156838426,NP_002520.2
P091,190003482,NTRK1,c.1846G>A,p.D616N,EX15,8.80%,missense,1,1q23.1,snv,NM_002529.3,3475500,G,A,AG.AT,1991,176,156848953,156848954,NP_002520.2
P091,190003482,FAT1,c.10256C>G,p.P3419R,EX17,27.50%,missense,4,4q35.2,snv,NM_005245.3,.,G,C,TG.GT,1200,330,187527317,187527318,NP_005236.2
P091,190003482,FLT3,c.1037-1G>A,.,IVS8,15.30%,splice-3,13,13q12.2,snv,NM_004119.2,.,C,T,TT.TG,443,68,28622580,28622581,NP_004110.2
P091,190003482,APC,c.7664C>T,p.S2555L,EX16E,10.00%,missense,5,5q22.2,snv,NM_000038.5,.,C,T,TT.AT,1107,111,112178954,112178955,NP_000029.2
P091,190003482,EGFR,c.2235_2249delGGAATTAAGAGAAGC,p.E746_A750del,EX19,58.30%,cds-del,7,7p11.2,del,NM_005228.3,6223,GGAATTAAGAGAAGC,.,AA.AA,8710,5074,55242464,55242479,NP_005219.2
P091,190003482,ACIN1,c.868G>A,p.D290N,EX6,9.70%,missense,14,14q11.2,snv,NM_014977.3,.,C,T,AT.AT,1259,122,23549849,23549850,NP_055792.1
P091,190003482,APC,c.8492C>T,p.P2831L,EX16E,12.10%,missense,5,5q22.2,snv,NM_000038.5,.,C,T,TC.TA,1052,127,112179782,112179783,NP_000029.2
P091,190003482,TP53,c.713G>A,p.C238Y,EX7,33.90%,missense,17,17p13.1,snv,NM_000546.5,11059,C,T,TA.AC,1168,396,7577567,7577568,NP_000537.3
P091,190003482,PDGFRB,c.2619G>T,p.E873D,EX19,12.30%,missense,5,5q32,snv,NM_002609.3,.,C,A,CT.TC,883,109,149499653,149499654,NP_002600.1
P091,190003482,AKT2,c.442-1G>T,.,IVS5,8.90%,splice-3,19,19q13.2,snv,NM_001626.4,.,C,A,GT.TG,1868,167,40747976,40747977,NP_001617.1
P092,190008549,EGFR,c.2579A>T,p.K860I,EX21,18.30%,missense,7,7p11.2,snv,NM_005228.3,26717,A,T,CA.AC,1405,257,55259520,55259521,NP_005219.2
P092,190008549,NOTCH2,c.1135T>C,p.C379R,EX7,3.80%,missense,1,1p12,snv,NM_024408.3,.,A,G,GC.TG,899,34,120510828,120510829,NP_077719.2
P092,190008549,TP53,c.615T[3>2],p.L206Wfs*41,EX6,12.30%,frameshift,17,17p13.1,del,NM_000546.5,1610844,A,.,CC.AA,1361,168,7578231,7578232,NP_000537.3
P092,190008549,NOTCH2,c.1121A>T,p.H374L,EX7,3.70%,missense,1,1p12,snv,NM_024408.3,.,T,A,GA.GA,863,32,120510842,120510843,NP_077719.2
P092,190008549,ABCA13,c.13906C>G,p.L4636V,EX53,6.10%,missense,7,7p12.3,snv,NM_152701.3,.,C,G,AC.TG,755,46,48559744,48559745,NP_689914.2
P092,190008549,EGFR,c.2573T>G,p.L858R,EX21,18.70%,missense,7,7p11.2,snv,NM_005228.3,6224,T,G,GC.GG,1392,260,55259514,55259515,NP_005219.2
P092,190008549,ERRFI1,c.146C>G,p.P49R,EX3,2.70%,missense,1,1p36.23,snv,NM_018948.3,.,G,C,TC.GG,1353,37,8075423,8075424,NP_061821.1
P092,190008549,MLL2,c.2006C>G,p.S669C,EX10,1.50%,missense,12,12q13.12,snv,NM_003482.3,.,G,C,GA.AT,1740,26,49445459,49445460,NP_003473.3
P093,190008545,HIST1H2AG,c.245G>A,p.R82H,EX1E,6.40%,missense,6,6p22.1,snv,NM_021064.4,.,G,A,GC.TC,2126,136,27101094,27101095,NP_066408.1
P093,190008545,EGFR,c.2237_2253delAATTAAGAGAAGCAACAinsCT,p.E746_T751delinsA,EX19,7.70%,cds-indel,7,7p11.2,delins,NM_005228.3,.,AATTAAGAGAAGCAACA,CT,GG.TC,1705,132,55242466,55242483,NP_005219.2
P093,190008545,FCGR2B,c.248A>C,p.Q83P,EX3,3.20%,missense,1,1q23.3,snv,NM_004001.4,.,A,C,TC.GT,1586,51,161641295,161641296,NP_003992.3
P093,190008545,FAM123B,c.152G>A,p.R51K,EX2E,3.10%,missense,X,Xq11.2,snv,NM_152424.3,.,C,T,GC.TA,1590,50,63413014,63413015,NP_689637.3
P093,190008545,ARID1B,c.3218T>A,p.V1073D,EX12,6.00%,missense,6,6q25.3,snv,NM_020732.3,.,T,A,GG.CG,1711,103,157502184,157502185,NP_065783.3
P094,190015772,PDGFRA,c.741G>T,p.W247C,EX5,3.60%,missense,4,4q12,snv,NM_006206.4,.,G,T,TG.AC,669,24,55131197,55131198,NP_006197.1
P094,190015772,EGFR,c.2582T>A,p.L861Q,EX21,22.60%,missense,7,7p11.2,snv,NM_005228.3,6213,T,A,AC.GC,1113,252,55259523,55259524,NP_005219.2
P094,190015772,NTRK3,c.506G>A,p.R169H,EX7,2.70%,missense,15,15q25.3,snv,NM_001012338.2,4057656,C,T,AG.GG,707,19,88680750,88680751,NP_001012338.1
P094,190015772,BCL10,c.129A[8>7],p.I46Yfs*24,EX2,3.30%,frameshift,1,1p22.3,del,NM_003921.4,391505,T,.,TA.TT,426,14,85736510,85736511,NP_003912.1
P094,190015772,MAF,c.544CAC[6>5],p.H182[6>5],EX1E,3.70%,cds-del,16,16q23.2,del,NM_001031804.2,.,GTG,.,gc.gt,483,18,79633238,79633241,NP_001026974.1
P094,190015772,EPHA3,c.1492A>T,p.S498C,EX7,3.00%,missense,3,3p11.1,snv,NM_005233.5,.,A,T,GT.GC,800,24,89448527,89448528,NP_005224.2
P095,190015791,CD5L,c.185G>A,p.C62Y,EX3,10.80%,missense,1,1q23.1,snv,NM_005894.2,.,C,T,GG.AC,1367,147,157805815,157805816,NP_005885.1
P095,190015791,STAT3,c.2057A>G,p.Y686C,EX21,16.20%,missense,17,17q21.2,snv,NM_139276.2,.,T,C,AA.AC,2386,386,40474343,40474344,NP_644805.1
P095,190015791,CTNNB1,c.110C>T,p.S37F,EX3,7.50%,missense,3,3p22.1,snv,NM_001904.3,5662,C,T,TT.TG,1373,103,41266112,41266113,NP_001895.1
P095,190015791,FANCM,c.3346C>G,p.H1116D,EX14,18.90%,missense,14,14q21.2,snv,NM_020937.2,.,C,G,AT.AT,1511,286,45645302,45645303,NP_065988.1
P095,190015791,KDM6A,c.2462C>T,p.S821L,EX17,1.60%,missense,X,Xp11.3,snv,NM_021140.2,.,C,T,TT.AG,1705,28,44929361,44929362,NP_066963.2
P095,190015791,FANCM,c.3766C>G,p.L1256V,EX14,1.40%,missense,14,14q21.2,snv,NM_020937.2,.,C,G,CT.TA,1081,15,45645722,45645723,NP_065988.1
P095,190015791,EGFR,c.185T>G,p.L62R,EX2,23.80%,missense,7,7p11.2,snv,NM_005228.3,35602,T,G,CC.TG,1776,422,55210074,55210075,NP_005219.2
P095,190015791,EGFR,c.2573T>G,p.L858R,EX21,23.90%,missense,7,7p11.2,snv,NM_005228.3,6224,T,G,GC.GG,2451,587,55259514,55259515,NP_005219.2
P095,190015791,FGF14,c.526T>A,p.W176R,EX4,3.10%,missense,13,13q33.1,snv,NM_175929.2,.,A,T,CC.GG,903,28,102379057,102379058,NP_787125.1
P096,180008512,LRP1B,c.8137G>A,p.E2713K,EX50,13.70%,missense,2,2q22.1,snv,NM_018557.2,.,C,T,TT.AT,446,61,141274469,141274470,NP_061027.2
P096,180008512,HCLS1,c.303T>G,p.H101Q,EX5,6.20%,missense,3,3q13.33,snv,NM_005335.4,.,A,C,TC.TG,372,23,121363760,121363761,NP_005326.2
P096,180008512,EGFR,c.2126A>C,p.E709A,EX18,81.60%,missense,7,7p11.2,snv,NM_005228.3,13427,A,C,GG.AA,1258,1027,55241677,55241678,NP_005219.2
P096,180008512,EGFR,c.2155G>A,p.G719S,EX18,80.40%,missense,7,7p11.2,snv,NM_005228.3,6252,G,A,TG.GC,1259,1012,55241706,55241707,NP_005219.2
P096,180008512,CDKN2A,c.28_35delGAGCCTTCinsACT,p.E10Tfs*3,EX1,47.90%,frameshift,9,9p21.3,delins,NM_000077.4,.,GAAGGCTC,AGT,CC.CA,261,125,21974791,21974799,NP_000068.1
P096,180008512,ASTN1,c.1187T>C,p.I396T,EX6,9.00%,missense,1,1q25.2,snv,NM_004319.1,.,A,G,CA.TC,422,38,176993801,176993802,NP_004310.1
P097,180030588,ERBB3,c.3050C>T,p.A1017V,EX25,18.50%,missense,12,12q13.2,snv,NM_001982.3,.,C,T,AG.AG,1828,339,56493733,56493734,NP_001973.2
P097,180030588,CDK8,c.706T>C,p.C236R,EX7,27.10%,missense,13,13q12.13,snv,NM_001260.1,.,T,C,AC.GT,849,230,26967562,26967563,NP_001251.1
P097,180030588,EGFR,c.2573T>G,p.L858R,EX21,87.10%,missense,7,7p11.2,snv,NM_005228.3,6224,T,G,GC.GG,8996,7832,55259514,55259515,NP_005219.2
P097,180030588,TP53,c.158G>A,p.W53*,EX4,46.80%,nonsense,17,17p13.1,snv,NM_000546.5,3388235,C,T,AC.AT,1837,860,7579528,7579529,NP_000537.3
P097,180030588,SMAD4,c.788-1G>T,.,IVS6,52.40%,splice-3,18,18q21.2,snv,NM_005359.5,87476,G,T,TA.AC,1198,628,48584708,48584709,NP_005350.1
P097,180030588,ATM,c.3038A>G,p.D1013G,EX20,15.90%,missense,11,11q22.3,snv,NM_000051.3,.,A,G,GG.TG,1428,227,108142093,108142094,NP_000042.3
P098,180030609,LRP1B,c.8147G>T,p.C2716F,EX50,15.80%,missense,2,2q22.1,snv,NM_018557.2,.,C,A,CA.AG,647,102,141274459,141274460,NP_061027.2
P098,180030609,ROBO3,c.1170C[4>3],p.S392Vfs*50,EX8,9.70%,frameshift,11,11q24.2,del,NM_022370.3,.,C,.,TT.CC,1191,116,124742287,124742288,NP_071765.2
P098,180030609,EGFR,c.2573T>G,p.L858R,EX21,26.40%,missense,7,7p11.2,snv,NM_005228.3,6224,T,G,GC.GG,2038,539,55259514,55259515,NP_005219.2
P098,180030609,TP53,c.523C>G,p.R175G,EX5,12.00%,missense,17,17p13.1,snv,NM_000546.5,10870,G,C,GC.CC,1737,209,7578406,7578407,NP_000537.3
P098,180030609,EPHB6,c.43G>T,p.G15C,EX5,11.00%,missense,7,7q34,snv,NM_004445.3,.,G,T,CG.GC,1055,116,142561027,142561028,NP_004436.2
P098,180030609,LRP1B,c.7510G>T,p.V2504L,EX45,13.50%,missense,2,2q22.1,snv,NM_018557.2,.,C,A,CA.AC,919,124,141298544,141298545,NP_061027.2
P098,180030609,LRP4,c.1096G>A,p.A366T,EX10,17.90%,missense,11,11p11.2,snv,NM_002334.3,.,C,T,GG.AC,1766,316,46917521,46917522,NP_002325.2
P099,180030622,CSF1R,c.448C>A,p.R150S,EX4,36.60%,missense,5,5q32,snv,NM_005211.3,.,G,T,GC.CA,2225,815,149459758,149459759,NP_005202.2
P099,180030622,EGFR,c.2155G>T,p.G719C,EX18,45.50%,missense,7,7p11.2,snv,NM_005228.3,6253,G,T,TG.GC,1853,844,55241706,55241707,NP_005219.2
P099,180030622,EGFR,c.2303G>T,p.S768I,EX20,45.80%,missense,7,7p11.2,snv,NM_005228.3,6241,G,T,CA.CG,1744,799,55249004,55249005,NP_005219.2
P099,180030622,RB1,c.2359C>T,p.R787*,EX23,57.30%,nonsense,13,13q14.2,snv,NM_000321.2,1367318,C,T,CT.GA,1226,703,49039373,49039374,NP_000312.2
P099,180030622,TP53,c.672+1G>T,.,IVS6,53.80%,splice-5,17,17p13.1,snv,NM_000546.5,118939,C,A,GA.CT,662,356,7578175,7578176,NP_000537.3
P099,180030622,ATP2B3,c.2840-1G>T,.,IVS16,35.10%,splice-3,X,Xq28,snv,NM_001001344.2,.,G,T,CA.GG,792,278,152826132,152826133,NP_001001344.1
P100,190006235,EPHA3,c.2249G>A,p.R750Q,EX13,4.10%,missense,3,3p11.1,snv,NM_005233.5,198048,G,A,TC.GA,1111,45,89480411,89480412,NP_005224.2
P100,190006235,PTPN11,c.1733G>T,p.R578I,EX15,3.70%,missense,12,12q24.13,snv,NM_002834.3,.,G,T,TA.AG,787,29,112942518,112942519,NP_002825.3
P100,190006235,SDHA,c.2T>A,p.0?,EX1,3.60%,init-loss,5,5p15.33,snv,NM_004168.2,.,T,A,CA.GT,1575,56,218471,218472,NP_004159.2
P100,190006235,TP53,c.329G>T,p.R110L,EX4,10.80%,missense,17,17p13.1,snv,NM_000546.5,10716,C,A,GA.GG,1570,169,7579357,7579358,NP_000537.3
P100,190006235,ABCA13,c.10283C>G,p.S3428C,EX30,1.70%,missense,7,7p12.3,snv,NM_152701.3,.,C,G,CT.TT,1266,22,48390317,48390318,NP_689914.2
P100,190006235,RPS6KB1,c.1270G>T,p.E424*,EX14,3.60%,nonsense,17,17q23.1,snv,NM_003161.2,.,G,T,AA.AA,963,35,58022808,58022809,NP_003152.1
P100,190006235,AKT3,c.1421C>G,p.S474C,EX13E,6.80%,missense,1,1q43,snv,NM_005465.4,.,G,C,CA.AG,1016,69,243668569,243668570,NP_005456.1
P100,190006235,EGFR,c.185T>G,p.L62R,EX2,21.20%,missense,7,7p11.2,snv,NM_005228.3,35602,T,G,CC.TG,1440,305,55210074,55210075,NP_005219.2
P100,190006235,LRP1B,c.6787G>A,p.V2263I,EX41,2.20%,missense,2,2q22.1,snv,NM_018557.2,.,C,T,TA.TT,1053,23,141457830,141457831,NP_061027.2
P100,190006235,EGFR,c.2573T>G,p.L858R,EX21,19.60%,missense,7,7p11.2,snv,NM_005228.3,6224,T,G,GC.GG,1686,330,55259514,55259515,NP_005219.2
P100,190006235,CTNNB1,c.110C>G,p.S37C,EX3,4.50%,missense,3,3p22.1,snv,NM_001904.3,5679,C,G,TT.TG,1024,46,41266112,41266113,NP_001895.1
P100,190006235,MLL3,c.8718A>G,p.I2906M,EX38,2.40%,missense,7,7q36.1,snv,NM_170606.2,.,T,C,TT.AT,1797,44,151873819,151873820,NP_733751.2
P100,190006235,HNF1A,c.961C>T,p.R321C,EX5,2.20%,missense,12,12q24.31,snv,NM_000545.5,.,C,T,TG.GC,1609,35,121434069,121434070,NP_000536.5
